time,tavg,tmin,tmax
2012-01-01,19.9,15.7,25.0
2012-01-02,19.8,15.2,24.1
2012-01-03,19.6,15.9,25.0
2012-01-04,18.0,16.0,22.0
2012-01-05,17.9,14.4,22.4
2012-01-06,18.1,14.0,22.9
2012-01-07,18.4,14.0,23.0
2012-01-08,20.5,16.9,25.5
2012-01-09,21.1,18.0,25.3
2012-01-10,21.3,18.6,24.0
2012-01-11,20.3,18.0,23.9
2012-01-12,22.4,18.5,28.0
2012-01-13,21.2,17.5,26.4
2012-01-14,19.4,17.0,23.4
2012-01-15,17.4,14.1,21.2
2012-01-16,16.8,13.0,20.7
2012-01-17,18.0,13.2,22.4
2012-01-18,18.9,10.2,24.3
2012-01-19,18.7,14.3,24.0
2012-01-20,18.5,14.4,21.7
2012-01-21,14.7,11.0,17.6
2012-01-22,12.5,9.4,16.0
2012-01-23,13.8,8.6,18.1
2012-01-24,15.3,11.7,19.6
2012-01-25,15.3,11.3,19.7
2012-01-26,16.1,11.6,20.0
2012-01-27,17.1,11.7,22.6
2012-01-28,17.8,12.9,24.2
2012-01-29,18.1,14.0,23.6
2012-01-30,17.4,14.7,20.8
2012-01-31,18.7,14.0,22.1
2012-02-01,21.4,18.5,24.1
2012-02-02,19.3,16.0,23.0
2012-02-03,16.2,13.0,19.5
2012-02-04,15.9,11.8,21.1
2012-02-05,16.7,13.6,20.1
2012-02-06,17.9,14.2,21.0
2012-02-07,18.3,14.6,22.1
2012-02-08,18.5,15.2,22.0
2012-02-09,19.2,15.7,23.2
2012-02-10,21.3,16.7,26.1
2012-02-11,19.9,16.9,24.5
2012-02-12,17.9,15.0,21.4
2012-02-13,17.8,14.7,22.0
2012-02-14,18.4,14.8,22.4
2012-02-15,19.3,15.8,23.5
2012-02-16,21.7,18.0,25.1
2012-02-17,24.1,21.0,30.0
2012-02-18,21.8,17.8,26.1
2012-02-19,20.6,16.2,24.7
2012-02-20,17.6,16.0,21.2
2012-02-21,16.2,14.0,19.6
2012-02-22,16.3,12.7,21.2
2012-02-23,16.3,12.0,20.4
2012-02-24,16.9,13.2,20.4
2012-02-25,19.9,15.6,22.0
2012-02-26,18.0,12.2,21.3
2012-02-27,17.8,13.7,23.1
2012-02-28,17.9,13.5,23.0
2012-02-29,20.2,14.9,28.5
2012-03-01,25.7,17.9,34.3
2012-03-02,21.1,18.5,25.0
2012-03-03,18.0,13.5,21.9
2012-03-04,16.2,13.5,21.4
2012-03-05,17.9,12.8,23.6
2012-03-06,17.2,14.0,22.1
2012-03-07,18.8,13.6,26.0
2012-03-08,20.7,14.7,26.4
2012-03-09,22.6,19.0,28.5
2012-03-10,21.2,18.0,26.4
2012-03-11,20.8,16.9,26.1
2012-03-12,20.4,17.0,26.4
2012-03-13,20.6,16.3,26.1
2012-03-14,22.4,17.9,29.1
2012-03-15,26.1,18.1,35.3
2012-03-16,22.6,17.2,29.2
2012-03-17,22.1,17.5,28.2
2012-03-18,16.3,14.0,19.3
2012-03-19,17.6,13.7,22.5
2012-03-20,19.3,15.6,24.2
2012-03-21,20.5,17.6,26.2
2012-03-22,21.0,17.8,24.2
2012-03-23,22.1,18.4,26.4
2012-03-24,22.7,20.4,26.6
2012-03-25,23.3,19.6,22.6
2012-03-26,19.6,15.7,22.6
2012-03-27,21.6,18.8,24.0
2012-03-28,26.1,20.1,37.8
2012-03-29,27.4,22.3,33.0
2012-03-30,27.8,24.0,32.3
2012-03-31,24.1,22.0,28.3
2012-04-01,22.7,19.5,27.0
2012-04-02,24.1,20.0,30.2
2012-04-03,26.3,22.8,31.5
2012-04-04,27.1,23.8,32.1
2012-04-05,27.1,22.5,31.6
2012-04-06,27.0,23.4,32.1
2012-04-07,28.9,24.7,32.6
2012-04-08,27.3,24.0,32.4
2012-04-09,27.3,22.5,31.2
2012-04-10,28.0,24.8,30.7
2012-04-11,28.8,23.5,34.1
2012-04-12,26.1,22.2,30.7
2012-04-13,24.3,20.9,29.3
2012-04-14,24.5,21.8,28.5
2012-04-15,25.6,20.5,29.0
2012-04-16,26.7,21.5,31.5
2012-04-17,29.4,24.5,35.6
2012-04-18,27.7,24.0,32.0
2012-04-19,25.9,23.0,31.3
2012-04-20,25.3,21.8,29.5
2012-04-21,26.9,23.0,31.2
2012-04-22,27.4,23.0,30.9
2012-04-23,28.3,24.0,31.7
2012-04-24,28.9,25.5,33.4
2012-04-25,31.6,25.7,37.0
2012-04-26,31.8,25.4,37.3
2012-04-27,30.4,24.6,35.6
2012-04-28,32.4,26.3,40.0
2012-04-29,32.6,26.4,38.1
2012-04-30,32.6,27.0,39.3
2012-05-01,32.8,28.1,38.0
2012-05-02,33.7,27.4,41.9
2012-05-03,33.7,28.9,40.0
2012-05-04,35.4,28.2,44.7
2012-05-05,35.7,29.4,45.0
2012-05-06,34.3,30.5,39.5
2012-05-07,33.8,29.2,40.2
2012-05-08,33.5,28.0,41.6
2012-05-09,32.4,29.0,39.5
2012-05-10,33.4,28.9,39.7
2012-05-11,35.3,28.6,42.4
2012-05-12,34.4,30.9,43.1
2012-05-13,34.1,29.2,40.4
2012-05-14,33.4,28.9,41.0
2012-05-15,33.0,29.4,37.2
2012-05-16,35.6,30.8,40.3
2012-05-17,35.7,32.0,41.0
2012-05-18,35.4,31.5,41.0
2012-05-19,37.3,30.2,46.8
2012-05-20,35.2,30.0,41.0
2012-05-21,38.8,32.1,43.0
2012-05-22,38.6,36.0,43.4
2012-05-23,32.3,30.0,36.3
2012-05-24,33.4,27.2,41.0
2012-05-25,34.3,30.0,39.9
2012-05-26,33.6,30.1,40.1
2012-05-27,35.3,28.4,43.3
2012-05-28,36.3,33.0,42.1
2012-05-29,36.1,31.6,41.1
2012-05-30,37.8,32.6,44.1
2012-05-31,35.7,32.0,43.0
2012-06-01,36.7,30.9,41.6
2012-06-02,35.8,32.0,40.0
2012-06-03,34.6,30.8,38.6
2012-06-04,34.1,29.9,41.0
2012-06-05,34.3,29.5,43.2
2012-06-06,35.0,30.7,42.6
2012-06-07,34.7,29.0,41.0
2012-06-08,33.6,27.6,40.6
2012-06-09,35.8,29.9,42.0
2012-06-10,39.3,34.5,44.7
2012-06-11,38.1,34.2,44.8
2012-06-12,37.2,33.0,45.0
2012-06-13,33.7,30.0,43.0
2012-06-14,33.3,29.0,39.5
2012-06-15,34.2,29.3,40.1
2012-06-16,36.1,28.9,43.5
2012-06-17,37.8,30.4,46.2
2012-06-18,38.6,30.0,47.7
2012-06-19,38.3,30.2,47.2
2012-06-20,36.9,32.4,44.7
2012-06-21,36.3,31.8,43.0
2012-06-22,36.2,31.1,41.0
2012-06-23,40.1,33.4,46.6
2012-06-24,38.6,35.2,43.7
2012-06-25,36.5,33.0,42.1
2012-06-26,37.9,31.6,44.3
2012-06-27,37.4,32.9,45.1
2012-06-28,35.7,31.0,43.7
2012-06-29,35.7,32.0,40.2
2012-06-30,36.2,30.7,43.5
2012-07-01,36.7,33.9,42.3
2012-07-02,36.1,33.0,40.9
2012-07-03,38.3,32.8,47.2
2012-07-04,41.3,35.7,47.2
2012-07-05,38.3,35.7,42.2
2012-07-06,36.1,31.2,40.7
2012-07-07,36.4,32.5,41.8
2012-07-08,36.3,33.8,41.5
2012-07-09,34.8,30.0,41.3
2012-07-10,36.0,31.0,41.4
2012-07-11,35.8,33.0,40.0
2012-07-12,36.4,30.6,42.7
2012-07-13,36.0,32.8,42.2
2012-07-14,36.8,31.2,45.2
2012-07-15,38.7,32.3,47.2
2012-07-16,38.8,34.0,47.6
2012-07-17,36.7,31.6,45.2
2012-07-18,37.5,33.5,44.1
2012-07-19,38.1,32.6,46.2
2012-07-20,37.7,32.8,44.5
2012-07-21,37.1,32.8,44.7
2012-07-22,37.7,32.8,42.8
2012-07-23,39.3,35.0,46.5
2012-07-24,37.1,30.2,46.2
2012-07-25,36.4,32.6,41.3
2012-07-26,36.9,33.0,42.0
2012-07-27,37.4,32.5,43.0
2012-07-28,36.6,32.0,41.8
2012-07-29,37.3,32.8,42.7
2012-07-30,37.9,34.0,42.2
2012-07-31,38.1,23.1,45.4
2012-08-01,37.8,33.2,44.7
2012-08-02,37.2,33.6,45.8
2012-08-03,38.9,31.2,42.7
2012-08-04,38.1,35.2,41.6
2012-08-05,37.3,33.4,43.4
2012-08-06,36.7,33.2,41.6
2012-08-07,36.2,34.0,39.3
2012-08-08,36.1,33.4,39.5
2012-08-09,37.9,33.9,44.0
2012-08-10,38.0,33.5,42.0
2012-08-11,38.8,35.0,44.2
2012-08-12,37.4,33.0,44.0
2012-08-13,34.9,32.5,38.4
2012-08-14,37.8,32.6,43.2
2012-08-15,36.7,34.6,41.9
2012-08-16,34.8,32.4,38.0
2012-08-17,35.3,32.0,41.3
2012-08-18,35.2,31.2,39.9
2012-08-19,36.6,29.6,44.0
2012-08-20,39.2,33.6,46.1
2012-08-21,36.6,32.8,44.2
2012-08-22,36.7,31.7,42.6
2012-08-23,36.6,34.0,41.0
2012-08-24,34.6,31.6,39.3
2012-08-25,35.1,32.0,37.6
2012-08-26,35.8,33.0,40.2
2012-08-27,36.3,32.1,43.0
2012-08-28,35.2,31.4,42.2
2012-08-29,34.8,31.9,38.3
2012-08-30,35.7,32.4,40.2
2012-08-31,36.4,31.8,43.0
2012-09-01,38.1,33.3,43.1
2012-09-02,37.5,30.2,42.4
2012-09-03,35.4,32.7,40.1
2012-09-04,35.2,30.7,40.0
2012-09-05,36.3,32.5,41.2
2012-09-06,36.1,33.0,41.3
2012-09-07,35.7,31.5,42.8
2012-09-08,35.2,31.4,42.3
2012-09-09,34.4,30.7,38.5
2012-09-10,35.6,30.7,41.6
2012-09-11,36.1,32.4,41.8
2012-09-12,36.5,33.3,43.5
2012-09-13,36.7,33.0,41.0
2012-09-14,35.7,31.0,41.7
2012-09-15,33.1,29.9,37.0
2012-09-16,32.6,28.2,35.7
2012-09-17,34.7,31.0,41.7
2012-09-18,34.1,25.2,39.6
2012-09-19,33.7,27.5,38.4
2012-09-20,33.6,29.5,39.1
2012-09-21,32.9,29.1,37.3
2012-09-22,34.3,29.4,40.6
2012-09-23,33.6,30.0,39.2
2012-09-24,33.3,29.6,37.7
2012-09-25,33.3,30.0,37.7
2012-09-26,31.7,25.7,35.2
2012-09-27,33.2,26.2,36.4
2012-09-28,32.8,30.5,36.1
2012-09-29,32.8,29.8,36.7
2012-09-30,32.2,28.3,36.2
2012-10-01,32.7,29.0,37.2
2012-10-02,33.2,29.9,38.3
2012-10-03,33.1,29.6,39.0
2012-10-04,32.6,27.8,38.8
2012-10-05,32.2,27.0,37.0
2012-10-06,32.7,28.4,37.3
2012-10-07,32.5,28.4,40.2
2012-10-08,32.8,27.8,38.7
2012-10-09,31.8,28.0,37.8
2012-10-10,31.7,26.4,36.4
2012-10-11,32.7,23.2,38.4
2012-10-12,32.6,27.7,40.2
2012-10-13,32.8,27.5,40.5
2012-10-14,33.2,29.5,38.0
2012-10-15,31.8,28.0,36.6
2012-10-16,31.1,27.6,35.0
2012-10-17,30.8,27.2,34.2
2012-10-18,30.5,26.4,35.0
2012-10-19,30.7,28.1,33.8
2012-10-20,30.6,27.5,34.0
2012-10-21,31.3,28.4,35.2
2012-10-22,31.1,27.6,33.1
2012-10-23,31.0,28.6,34.3
2012-10-24,30.5,27.4,33.1
2012-10-25,30.4,26.9,33.3
2012-10-26,30.7,26.6,35.7
2012-10-27,30.0,25.8,33.1
2012-10-28,30.9,27.2,34.4
2012-10-29,29.5,27.0,31.9
2012-10-30,29.3,27.5,32.2
2012-10-31,28.5,25.8,32.3
2012-11-01,28.3,24.6,32.9
2012-11-02,28.2,25.9,31.4
2012-11-03,28.0,25.5,31.3
2012-11-04,28.1,22.2,31.2
2012-11-05,28.5,24.3,32.4
2012-11-06,28.6,23.8,33.6
2012-11-07,28.6,23.0,35.0
2012-11-08,28.3,23.0,33.4
2012-11-09,28.5,24.6,33.6
2012-11-10,27.9,24.2,31.3
2012-11-11,28.7,24.9,33.7
2012-11-12,28.2,23.9,33.4
2012-11-13,28.2,24.5,30.4
2012-11-14,28.9,24.8,34.4
2012-11-15,27.2,25.0,31.3
2012-11-16,25.8,23.7,29.1
2012-11-17,25.3,22.4,29.1
2012-11-18,25.2,21.6,29.0
2012-11-19,25.8,22.2,29.0
2012-11-20,24.8,23.0,27.0
2012-11-21,22.6,20.4,26.6
2012-11-22,23.9,20.2,27.1
2012-11-23,24.8,21.8,27.9
2012-11-24,26.0,23.1,30.1
2012-11-25,26.1,23.5,29.0
2012-11-26,27.4,23.0,30.6
2012-11-27,24.5,23.0,27.7
2012-11-28,22.8,20.4,27.0
2012-11-29,21.2,19.9,24.0
2012-11-30,21.0,18.4,24.0
2012-12-01,22.0,18.8,25.6
2012-12-02,20.8,18.8,24.1
2012-12-03,20.3,16.9,25.5
2012-12-04,20.7,17.6,25.0
2012-12-05,22.1,14.2,26.2
2012-12-06,23.8,19.7,29.1
2012-12-07,23.3,19.8,27.0
2012-12-08,23.5,21.0,26.0
2012-12-09,24.3,21.0,28.0
2012-12-10,24.4,20.3,28.6
2012-12-11,25.5,20.0,31.3
2012-12-12,22.3,20.0,25.8
2012-12-13,20.2,17.7,24.0
2012-12-14,20.5,16.2,22.2
2012-12-15,19.8,17.5,23.0
2012-12-16,17.0,15.0,20.0
2012-12-17,18.6,15.0,22.0
2012-12-18,20.0,17.4,23.0
2012-12-19,20.5,18.0,23.0
2012-12-20,21.2,18.4,24.0
2012-12-21,22.3,19.0,26.4
2012-12-22,22.8,18.4,28.5
2012-12-23,22.7,20.0,26.0
2012-12-24,22.7,19.9,27.1
2012-12-25,22.4,19.0,26.3
2012-12-26,21.7,18.0,27.1
2012-12-27,19.4,16.0,22.8
2012-12-28,20.1,17.5,22.2
2012-12-29,21.0,17.9,24.0
2012-12-30,20.8,19.0,24.6
2012-12-31,20.6,16.9,24.2
2013-01-01,21.6,14.2,26.3
2013-01-02,21.5,14.2,25.2
2013-01-03,21.6,17.3,26.2
2013-01-04,20.1,14.2,23.3
2013-01-05,19.7,15.8,24.2
2013-01-06,21.7,17.4,24.7
2013-01-07,24.1,19.9,29.3
2013-01-08,22.4,21.0,26.4
2013-01-09,22.4,19.4,25.0
2013-01-10,22.1,17.2,28.0
2013-01-11,16.4,14.0,19.5
2013-01-12,15.6,12.6,18.2
2013-01-13,16.1,12.9,19.2
2013-01-14,16.7,13.9,20.6
2013-01-15,15.6,13.5,19.0
2013-01-16,15.7,12.6,19.7
2013-01-17,17.5,13.5,21.2
2013-01-18,17.8,13.6,21.7
2013-01-19,17.9,13.9,22.4
2013-01-20,18.5,14.8,23.1
2013-01-21,19.9,15.9,25.4
2013-01-22,20.4,16.6,24.2
2013-01-23,19.4,15.8,24.0
2013-01-24,19.7,14.6,25.3
2013-01-25,20.4,15.9,28.3
2013-01-26,20.7,16.6,25.6
2013-01-27,21.7,16.9,29.6
2013-01-28,21.8,17.8,27.6
2013-01-29,22.3,19.8,25.4
2013-01-30,20.1,19.0,23.1
2013-01-31,20.3,16.7,22.0
2013-02-01,20.8,20.0,23.2
2013-02-02,20.4,18.0,25.0
2013-02-03,19.2,16.6,24.3
2013-02-04,18.6,15.8,22.7
2013-02-05,18.6,14.5,24.8
2013-02-06,18.0,14.7,24.0
2013-02-07,19.4,14.7,24.0
2013-02-08,19.9,15.4,26.7
2013-02-09,20.8,15.5,28.0
2013-02-10,22.1,17.5,27.8
2013-02-11,22.2,17.4,27.0
2013-02-12,22.2,19.4,26.4
2013-02-13,21.4,13.2,26.2
2013-02-14,19.3,13.2,23.7
2013-02-15,19.9,16.0,24.7
2013-02-16,20.6,16.5,26.8
2013-02-17,21.3,17.5,26.1
2013-02-18,20.7,18.4,24.5
2013-02-19,20.6,18.0,24.6
2013-02-20,20.9,18.6,24.7
2013-02-21,22.1,18.3,26.9
2013-02-22,21.6,17.6,26.0
2013-02-23,20.1,15.6,25.2
2013-02-24,22.2,18.0,29.2
2013-02-25,21.2,19.0,26.0
2013-02-26,21.0,17.9,26.3
2013-02-27,20.0,10.2,24.4
2013-02-28,20.6,17.0,24.6
2013-03-01,22.6,18.9,27.6
2013-03-02,23.8,20.9,30.2
2013-03-03,23.9,20.6,29.5
2013-03-04,24.4,20.5,29.3
2013-03-05,25.6,20.0,31.2
2013-03-06,26.6,22.6,33.7
2013-03-07,21.5,18.0,26.0
2013-03-08,19.1,16.0,24.0
2013-03-09,19.9,15.7,26.0
2013-03-10,22.8,19.0,25.7
2013-03-11,23.9,17.2,28.2
2013-03-12,22.6,18.1,27.5
2013-03-13,23.5,18.0,29.7
2013-03-14,23.6,18.6,29.5
2013-03-15,24.2,19.7,30.0
2013-03-16,24.6,18.7,31.0
2013-03-17,25.4,20.6,30.6
2013-03-18,26.6,22.5,31.8
2013-03-19,24.3,21.0,28.4
2013-03-20,23.3,19.9,28.4
2013-03-21,22.6,20.0,26.4
2013-03-22,23.4,16.2,28.2
2013-03-23,23.4,17.4,29.4
2013-03-24,24.2,20.3,28.1
2013-03-25,22.8,20.0,26.0
2013-03-26,22.3,14.2,27.5
2013-03-27,22.6,17.0,29.0
2013-03-28,24.8,13.2,30.4
2013-03-29,25.4,19.3,33.2
2013-03-30,27.3,22.0,32.6
2013-03-31,29.6,24.9,34.4
2013-04-01,29.6,24.4,35.2
2013-04-02,28.4,25.0,36.2
2013-04-03,28.2,23.2,35.1
2013-04-04,28.2,25.0,32.5
2013-04-05,29.2,27.0,34.0
2013-04-06,26.1,21.0,29.2
2013-04-07,24.1,21.0,29.0
2013-04-08,24.6,19.9,30.3
2013-04-09,26.3,21.5,32.7
2013-04-10,26.3,22.5,31.7
2013-04-11,26.7,23.2,31.0
2013-04-12,27.9,22.9,32.8
2013-04-13,30.5,24.8,38.0
2013-04-14,31.4,26.0,38.3
2013-04-15,29.3,26.0,33.5
2013-04-16,29.3,22.2,33.1
2013-04-17,32.3,28.0,38.2
2013-04-18,31.9,26.9,40.2
2013-04-19,30.7,28.0,35.6
2013-04-20,31.6,26.6,38.6
2013-04-21,30.7,26.0,37.2
2013-04-22,27.0,25.0,30.1
2013-04-23,27.3,23.5,31.7
2013-04-24,28.7,25.1,32.8
2013-04-25,27.6,25.3,30.9
2013-04-26,26.6,24.9,28.3
2013-04-27,23.6,22.0,26.4
2013-04-28,25.6,22.0,29.5
2013-04-29,27.1,20.9,32.0
2013-04-30,24.9,23.2,26.1
2013-05-01,27.8,24.0,32.2
2013-05-02,29.2,25.0,34.6
2013-05-03,29.8,26.7,36.2
2013-05-04,27.8,24.0,33.4
2013-05-05,28.1,23.8,33.0
2013-05-06,29.5,27.0,34.6
2013-05-07,30.8,26.0,36.6
2013-05-08,30.3,26.7,36.0
2013-05-09,30.0,26.7,34.2
2013-05-10,32.2,26.6,36.0
2013-05-11,32.6,27.6,41.4
2013-05-12,32.8,27.0,40.0
2013-05-13,34.2,26.7,39.9
2013-05-14,33.7,24.0,38.1
2013-05-15,32.1,28.4,38.0
2013-05-16,35.3,28.4,40.0
2013-05-17,33.6,29.0,38.4
2013-05-18,31.4,25.5,36.4
2013-05-19,32.3,26.9,37.1
2013-05-20,32.2,27.8,37.4
2013-05-21,32.0,27.0,36.2
2013-05-22,33.3,30.0,41.4
2013-05-23,33.6,29.0,38.7
2013-05-24,34.0,28.8,39.0
2013-05-25,32.5,28.0,41.1
2013-05-26,30.4,25.3,35.5
2013-05-27,32.8,26.9,38.5
2013-05-28,33.4,27.9,39.5
2013-05-29,34.8,29.7,38.7
2013-05-30,34.9,25.9,40.4
2013-05-31,34.8,29.9,40.6
2013-06-01,34.3,27.7,43.4
2013-06-02,34.9,29.4,40.0
2013-06-03,32.3,29.0,39.1
2013-06-04,31.1,27.6,35.7
2013-06-05,33.4,27.9,38.6
2013-06-06,32.8,30.3,36.1
2013-06-07,35.9,30.9,41.2
2013-06-08,33.7,30.2,38.0
2013-06-09,34.1,30.0,38.4
2013-06-10,36.6,31.8,42.1
2013-06-11,35.0,31.0,39.3
2013-06-12,34.1,30.9,37.9
2013-06-13,33.9,30.0,41.1
2013-06-14,33.6,29.3,40.3
2013-06-15,34.3,29.8,39.7
2013-06-16,36.1,32.0,41.3
2013-06-17,36.1,32.1,43.1
2013-06-18,37.6,33.0,42.0
2013-06-19,37.6,32.7,41.8
2013-06-20,36.3,33.0,42.1
2013-06-21,36.8,32.8,41.9
2013-06-22,37.7,33.2,44.1
2013-06-23,36.1,28.7,40.9
2013-06-24,36.1,29.2,42.9
2013-06-25,38.8,27.2,46.3
2013-06-26,38.6,34.8,43.9
2013-06-27,38.2,33.6,44.5
2013-06-28,38.2,34.0,44.9
2013-06-29,35.9,33.0,41.0
2013-06-30,35.4,31.7,43.1
2013-07-01,35.4,31.1,41.0
2013-07-02,35.6,32.6,39.0
2013-07-03,37.2,32.3,42.3
2013-07-04,37.7,34.0,43.2
2013-07-05,35.6,32.0,40.4
2013-07-06,35.6,26.2,41.0
2013-07-07,36.1,32.8,41.7
2013-07-08,35.2,32.6,41.1
2013-07-09,36.6,31.1,42.0
2013-07-10,36.4,32.3,42.4
2013-07-11,37.4,32.7,44.5
2013-07-12,38.6,33.0,46.3
2013-07-13,36.3,30.1,45.6
2013-07-14,35.3,32.0,40.1
2013-07-15,34.0,31.5,37.3
2013-07-16,35.4,31.5,40.2
2013-07-17,35.7,33.0,39.4
2013-07-18,35.9,32.5,39.7
2013-07-19,36.3,32.7,42.1
2013-07-20,36.2,32.7,42.0
2013-07-21,35.8,32.5,40.1
2013-07-22,36.7,32.8,41.4
2013-07-23,37.9,32.4,43.0
2013-07-24,38.5,32.7,45.2
2013-07-25,39.4,34.7,44.0
2013-07-26,39.0,33.0,43.0
2013-07-27,36.7,33.0,41.0
2013-07-28,35.9,27.2,43.7
2013-07-29,37.9,33.0,43.0
2013-07-30,37.8,28.8,42.2
2013-07-31,36.7,28.1,41.6
2013-08-01,37.5,32.3,43.2
2013-08-02,37.8,33.3,42.9
2013-08-03,37.5,34.0,42.9
2013-08-04,33.8,30.4,38.1
2013-08-05,34.4,31.8,37.3
2013-08-06,33.8,31.6,36.8
2013-08-07,34.5,31.7,39.0
2013-08-08,34.2,32.2,37.9
2013-08-09,34.6,32.4,37.8
2013-08-10,34.7,31.6,38.4
2013-08-11,35.2,30.9,42.6
2013-08-12,35.1,31.3,41.4
2013-08-13,35.3,31.5,41.5
2013-08-14,35.4,31.4,40.8
2013-08-15,35.9,32.9,42.2
2013-08-16,35.3,32.5,40.9
2013-08-17,35.1,32.7,38.6
2013-08-18,36.0,31.6,44.1
2013-08-19,35.2,32.3,39.0
2013-08-20,34.7,31.7,39.1
2013-08-21,34.9,31.4,38.6
2013-08-22,35.0,29.1,43.6
2013-08-23,36.6,31.8,42.2
2013-08-24,36.2,33.0,42.5
2013-08-25,34.8,31.0,40.6
2013-08-26,35.9,31.6,41.5
2013-08-27,37.2,33.0,43.1
2013-08-28,36.2,32.8,41.0
2013-08-29,34.1,30.7,37.2
2013-08-30,34.0,31.6,37.7
2013-08-31,34.3,30.9,37.5
2013-09-01,35.0,32.0,39.4
2013-09-02,35.2,30.3,41.0
2013-09-03,35.1,31.5,39.6
2013-09-04,36.4,31.7,44.6
2013-09-05,35.2,31.9,39.3
2013-09-06,34.2,32.0,37.6
2013-09-07,35.1,32.0,39.1
2013-09-08,34.8,31.5,39.6
2013-09-09,34.3,31.5,39.1
2013-09-10,34.2,31.9,37.4
2013-09-11,33.9,30.7,38.4
2013-09-12,33.3,30.5,36.3
2013-09-13,33.2,30.4,37.2
2013-09-14,33.6,29.4,39.6
2013-09-15,34.2,29.6,40.5
2013-09-16,34.8,29.7,42.0
2013-09-17,36.4,30.3,44.0
2013-09-18,35.1,31.0,42.9
2013-09-19,34.2,30.1,40.0
2013-09-20,33.9,29.5,41.4
2013-09-21,36.5,28.5,42.7
2013-09-22,36.4,31.0,43.4
2013-09-23,35.0,29.1,40.2
2013-09-24,34.4,31.0,38.2
2013-09-25,33.8,30.5,38.6
2013-09-26,32.3,30.0,36.2
2013-09-27,31.2,27.6,35.8
2013-09-28,31.0,28.0,35.4
2013-09-29,31.2,28.5,34.7
2013-09-30,30.9,27.6,35.5
2013-10-01,31.1,28.0,34.3
2013-10-02,32.1,28.7,36.6
2013-10-03,31.9,28.4,37.2
2013-10-04,34.3,27.7,41.2
2013-10-05,34.3,30.0,41.5
2013-10-06,33.7,29.5,41.0
2013-10-07,32.8,27.8,40.3
2013-10-08,30.4,28.0,35.1
2013-10-09,28.9,26.0,34.1
2013-10-10,28.4,24.3,34.0
2013-10-11,28.3,24.0,33.0
2013-10-12,28.8,24.5,34.0
2013-10-13,27.8,18.4,34.7
2013-10-14,28.6,23.0,34.5
2013-10-15,28.5,23.8,34.3
2013-10-16,29.1,25.0,36.6
2013-10-17,29.4,24.8,35.0
2013-10-18,28.6,23.8,33.0
2013-10-19,29.9,25.3,35.0
2013-10-20,31.5,25.0,38.1
2013-10-21,29.8,25.2,35.1
2013-10-22,27.8,25.0,32.2
2013-10-23,27.3,18.3,31.2
2013-10-24,27.3,23.8,31.0
2013-10-25,27.7,18.8,31.1
2013-10-26,27.4,24.0,31.0
2013-10-27,28.5,24.6,32.1
2013-10-28,29.2,25.9,34.0
2013-10-29,28.1,25.2,31.4
2013-10-30,28.0,25.7,32.4
2013-10-31,27.8,24.6,31.9
2013-11-01,27.9,24.0,32.4
2013-11-02,28.3,24.8,31.5
2013-11-03,29.9,25.4,35.1
2013-11-04,28.8,27.0,34.2
2013-11-05,26.9,25.0,30.7
2013-11-06,26.2,22.7,30.2
2013-11-07,26.4,20.0,29.4
2013-11-08,26.6,23.0,29.8
2013-11-09,27.9,25.0,31.6
2013-11-10,28.1,24.5,31.3
2013-11-11,27.3,25.0,30.6
2013-11-12,27.3,22.8,32.0
2013-11-13,27.3,22.4,32.1
2013-11-14,27.3,24.4,31.0
2013-11-15,26.2,24.9,29.2
2013-11-16,25.6,22.9,28.2
2013-11-17,22.3,21.6,25.7
2013-11-18,26.8,21.6,28.6
2013-11-19,27.1,22.9,29.1
2013-11-20,24.9,22.5,28.2
2013-11-21,22.4,21.0,25.4
2013-11-22,20.7,18.7,23.3
2013-11-23,21.2,17.8,24.7
2013-11-24,22.1,18.0,25.6
2013-11-25,22.7,14.2,25.2
2013-11-26,22.9,18.7,27.6
2013-11-27,23.6,18.7,29.0
2013-11-28,23.2,17.2,26.9
2013-11-29,22.8,19.4,26.2
2013-11-30,23.6,19.6,27.3
2013-12-01,23.8,19.9,28.4
2013-12-02,23.3,20.8,28.6
2013-12-03,22.8,20.0,28.4
2013-12-04,22.4,20.0,28.4
2013-12-05,23.3,20.0,26.2
2013-12-06,24.3,20.0,30.6
2013-12-07,23.3,17.3,27.4
2013-12-08,23.1,20.4,27.2
2013-12-09,23.6,20.0,28.3
2013-12-10,21.1,18.0,25.5
2013-12-11,19.8,15.9,22.4
2013-12-12,23.2,19.9,26.6
2013-12-13,24.3,21.9,29.0
2013-12-14,24.4,20.8,28.5
2013-12-15,20.9,18.0,24.0
2013-12-16,17.1,15.0,20.0
2013-12-17,17.5,14.6,22.0
2013-12-18,18.8,15.4,23.0
2013-12-19,20.3,16.3,23.7
2013-12-20,19.7,17.0,24.0
2013-12-21,16.8,14.3,20.0
2013-12-22,17.0,14.3,21.4
2013-12-23,17.3,14.0,20.7
2013-12-24,18.3,14.7,21.6
2013-12-25,19.1,15.7,23.0
2013-12-26,17.5,15.0,21.9
2013-12-27,16.6,13.0,20.0
2013-12-28,16.5,13.0,20.5
2013-12-29,17.8,13.5,22.1
2013-12-30,19.2,14.9,23.4
2013-12-31,19.8,15.8,23.0
2014-01-01,20.6,18.9,23.7
2014-01-02,19.8,18.0,23.0
2014-01-03,19.0,17.5,21.3
2014-01-04,18.7,15.6,23.0
2014-01-05,19.3,15.0,21.0
2014-01-06,19.1,16.0,22.0
2014-01-07,14.9,13.0,18.0
2014-01-08,15.7,12.0,19.1
2014-01-09,16.6,13.5,20.4
2014-01-10,18.4,10.0,21.6
2014-01-11,17.1,16.0,19.1
2014-01-12,15.6,11.3,18.3
2014-01-13,15.6,12.2,19.4
2014-01-14,16.5,13.4,21.2
2014-01-15,16.6,12.4,21.2
2014-01-16,18.1,13.6,22.9
2014-01-17,18.3,14.6,21.2
2014-01-18,17.4,13.0,20.7
2014-01-19,15.4,13.0,18.6
2014-01-20,16.8,13.0,20.2
2014-01-21,17.6,14.8,20.5
2014-01-22,17.6,13.9,22.3
2014-01-23,18.1,12.9,23.0
2014-01-24,18.6,14.0,23.0
2014-01-25,18.6,15.6,22.4
2014-01-26,18.2,15.6,21.3
2014-01-27,19.1,16.2,22.2
2014-01-28,20.4,17.6,23.8
2014-01-29,21.9,17.6,26.0
2014-01-30,22.2,20.0,27.7
2014-01-31,20.0,17.6,24.7
2014-02-01,19.8,17.0,23.7
2014-02-02,17.7,17.0,19.7
2014-02-03,20.2,16.7,22.8
2014-02-04,21.1,19.0,24.3
2014-02-05,18.2,16.0,22.3
2014-02-06,15.0,13.0,18.1
2014-02-07,15.9,11.8,18.3
2014-02-08,18.1,16.0,21.1
2014-02-09,16.7,15.0,20.5
2014-02-10,16.8,12.7,21.2
2014-02-11,16.5,12.2,21.1
2014-02-12,16.6,11.8,21.0
2014-02-13,18.1,13.2,22.0
2014-02-14,18.5,15.0,23.2
2014-02-15,17.3,13.0,23.0
2014-02-16,19.4,14.9,23.2
2014-02-17,20.8,16.9,24.7
2014-02-18,19.3,15.4,24.3
2014-02-19,18.9,15.4,23.4
2014-02-20,19.4,13.0,24.8
2014-02-21,19.6,15.8,25.2
2014-02-22,18.9,14.5,25.4
2014-02-23,18.7,14.6,24.8
2014-02-24,20.3,16.7,26.8
2014-02-25,21.6,18.6,25.4
2014-02-26,22.2,18.7,26.6
2014-02-27,23.1,19.4,27.4
2014-02-28,23.3,18.9,27.6
2014-03-01,23.5,21.3,27.3
2014-03-02,22.0,15.1,27.2
2014-03-03,22.1,16.7,29.3
2014-03-04,21.8,18.4,26.2
2014-03-05,23.3,18.6,29.1
2014-03-06,23.5,19.7,28.5
2014-03-07,23.5,19.6,28.0
2014-03-08,24.4,20.8,29.6
2014-03-09,24.6,21.2,28.4
2014-03-10,24.6,22.0,28.0
2014-03-11,25.1,22.0,28.0
2014-03-12,28.8,21.0,37.5
2014-03-13,22.6,21.0,26.0
2014-03-14,22.2,19.0,25.0
2014-03-15,23.7,16.4,29.8
2014-03-16,20.6,18.0,24.2
2014-03-17,21.2,17.0,26.7
2014-03-18,21.5,16.0,27.0
2014-03-19,21.9,18.0,25.4
2014-03-20,24.2,20.5,28.8
2014-03-21,25.4,23.0,31.4
2014-03-22,23.8,20.7,28.3
2014-03-23,24.7,19.4,30.3
2014-03-24,23.2,18.6,28.0
2014-03-25,23.1,20.7,26.0
2014-03-26,20.5,19.0,23.0
2014-03-27,22.6,17.4,27.2
2014-03-28,23.6,18.3,29.7
2014-03-29,24.9,19.6,31.0
2014-03-30,24.6,20.7,27.0
2014-03-31,27.2,21.0,38.0
2014-04-01,23.1,20.4,27.7
2014-04-02,25.8,20.6,29.6
2014-04-03,24.3,21.0,28.5
2014-04-04,23.9,20.4,29.6
2014-04-05,25.2,20.6,30.8
2014-04-06,24.7,21.7,30.7
2014-04-07,23.7,19.5,31.5
2014-04-08,25.4,20.3,32.3
2014-04-09,25.7,20.6,30.7
2014-04-10,27.6,22.3,32.9
2014-04-11,30.1,23.9,36.6
2014-04-12,30.6,26.6,36.7
2014-04-13,30.6,26.3,36.4
2014-04-14,30.6,23.0,38.6
2014-04-15,31.2,25.8,39.3
2014-04-16,31.6,25.1,39.2
2014-04-17,33.9,29.0,38.0
2014-04-18,33.4,29.0,40.0
2014-04-19,32.7,29.0,39.0
2014-04-20,31.4,28.0,36.0
2014-04-21,28.8,25.5,37.7
2014-04-22,28.2,24.9,32.1
2014-04-23,29.2,24.8,32.5
2014-04-24,32.2,27.0,40.3
2014-04-25,31.2,26.9,35.4
2014-04-26,32.3,28.0,36.9
2014-04-27,32.4,29.6,37.6
2014-04-28,31.9,28.2,37.3
2014-04-29,32.2,28.0,36.0
2014-04-30,32.1,30.0,35.6
2014-05-01,32.1,30.0,34.5
2014-05-02,32.1,29.2,35.7
2014-05-03,32.4,29.9,37.8
2014-05-04,32.3,27.4,38.0
2014-05-05,31.8,28.0,36.5
2014-05-06,30.4,26.0,37.1
2014-05-07,31.0,26.0,38.7
2014-05-08,31.0,26.0,37.6
2014-05-09,32.1,27.0,40.0
2014-05-10,34.1,27.1,38.8
2014-05-11,34.0,30.7,40.4
2014-05-12,34.6,30.4,42.6
2014-05-13,34.2,30.0,41.7
2014-05-14,32.8,30.0,37.3
2014-05-15,32.4,29.0,37.0
2014-05-16,32.2,26.9,38.1
2014-05-17,31.8,27.0,38.4
2014-05-18,31.6,26.0,38.7
2014-05-19,31.1,28.0,37.4
2014-05-20,31.0,26.7,36.1
2014-05-21,31.4,25.1,40.2
2014-05-22,32.6,26.7,38.2
2014-05-23,35.4,28.9,41.9
2014-05-24,38.4,32.1,44.4
2014-05-25,36.8,33.0,43.8
2014-05-26,37.8,32.8,43.7
2014-05-27,37.9,33.0,42.3
2014-05-28,38.2,33.0,47.7
2014-05-29,37.2,32.7,42.8
2014-05-30,38.3,32.5,45.4
2014-05-31,37.4,33.1,42.9
2014-06-01,37.9,33.0,44.3
2014-06-02,35.9,32.0,43.1
2014-06-03,34.6,30.6,41.3
2014-06-04,33.8,31.0,39.5
2014-06-05,32.8,28.7,37.2
2014-06-06,32.7,29.0,42.2
2014-06-07,31.4,27.0,35.5
2014-06-08,34.0,27.3,39.9
2014-06-09,38.8,30.0,45.6
2014-06-10,41.0,36.1,48.2
2014-06-11,40.7,35.1,47.3
2014-06-12,38.3,34.7,44.4
2014-06-13,36.4,34.0,41.6
2014-06-14,36.4,31.7,41.2
2014-06-15,36.7,33.6,41.7
2014-06-16,36.8,31.2,43.0
2014-06-17,36.7,32.0,43.1
2014-06-18,35.8,30.6,42.1
2014-06-19,35.7,30.5,42.7
2014-06-20,33.2,26.3,43.8
2014-06-21,32.9,28.0,38.2
2014-06-22,34.6,28.8,43.0
2014-06-23,34.3,30.3,39.0
2014-06-24,36.8,32.4,41.8
2014-06-25,37.7,32.6,44.2
2014-06-26,38.0,34.0,44.8
2014-06-27,36.2,30.1,45.3
2014-06-28,35.1,29.4,41.2
2014-06-29,35.6,28.4,44.8
2014-06-30,36.3,30.0,43.4
2014-07-01,38.7,31.8,47.4
2014-07-02,38.5,35.0,44.6
2014-07-03,37.7,31.6,44.2
2014-07-04,35.2,33.0,38.5
2014-07-05,34.4,30.9,39.4
2014-07-06,34.3,30.7,38.2
2014-07-07,35.6,31.8,41.2
2014-07-08,37.6,31.9,42.0
2014-07-09,40.2,33.3,45.6
2014-07-10,40.6,36.2,44.8
2014-07-11,39.6,35.1,45.9
2014-07-12,39.3,34.5,46.6
2014-07-13,39.1,34.3,46.6
2014-07-14,38.4,34.3,45.1
2014-07-15,38.3,34.7,44.3
2014-07-16,38.4,32.7,44.3
2014-07-17,38.1,31.9,44.6
2014-07-18,35.2,33.0,39.1
2014-07-19,36.1,31.0,43.1
2014-07-20,38.8,33.1,44.6
2014-07-21,39.0,33.8,43.2
2014-07-22,39.7,35.0,44.6
2014-07-23,38.3,35.0,43.6
2014-07-24,37.6,33.8,44.1
2014-07-25,35.9,33.0,41.0
2014-07-26,35.6,32.3,40.0
2014-07-27,37.8,32.0,43.7
2014-07-28,39.2,34.9,44.0
2014-07-29,37.9,34.0,43.0
2014-07-30,37.6,32.4,45.3
2014-07-31,36.7,32.0,40.8
2014-08-01,35.0,31.3,39.4
2014-08-02,36.9,32.0,43.1
2014-08-03,39.7,33.4,46.7
2014-08-04,40.3,37.7,45.4
2014-08-05,38.8,34.5,44.6
2014-08-06,37.7,34.8,43.4
2014-08-07,37.4,33.4,42.3
2014-08-08,37.7,32.3,43.7
2014-08-09,35.7,32.0,40.4
2014-08-10,33.4,30.7,36.2
2014-08-11,35.3,31.2,41.6
2014-08-12,34.9,31.8,39.3
2014-08-13,34.4,30.0,38.7
2014-08-14,34.7,32.0,39.3
2014-08-15,35.2,31.6,39.4
2014-08-16,35.9,32.0,40.9
2014-08-17,35.9,32.1,38.6
2014-08-18,36.2,35.0,38.7
2014-08-19,36.3,34.0,41.5
2014-08-20,35.9,33.7,39.1
2014-08-21,36.7,34.0,43.7
2014-08-22,35.8,32.5,42.6
2014-08-23,35.1,32.4,39.1
2014-08-24,35.7,33.2,39.3
2014-08-25,36.4,33.8,41.5
2014-08-26,35.8,32.9,38.8
2014-08-27,35.2,32.2,40.2
2014-08-28,35.2,32.0,40.6
2014-08-29,35.3,32.0,38.8
2014-08-30,36.3,32.9,43.0
2014-08-31,35.3,32.4,41.0
2014-09-01,35.3,31.4,41.0
2014-09-02,35.3,32.0,41.7
2014-09-03,34.6,30.6,39.6
2014-09-04,35.6,31.3,40.7
2014-09-05,37.6,31.0,45.2
2014-09-06,37.2,34.0,42.4
2014-09-07,35.3,29.9,42.1
2014-09-08,34.9,29.9,41.3
2014-09-09,36.5,32.4,41.8
2014-09-10,36.9,31.6,42.7
2014-09-11,36.8,33.4,42.5
2014-09-12,36.7,33.0,43.0
2014-09-13,33.9,29.0,40.1
2014-09-14,34.7,28.8,39.3
2014-09-15,35.0,30.6,41.4
2014-09-16,33.4,29.9,38.0
2014-09-17,34.3,30.0,40.6
2014-09-18,34.1,31.3,38.5
2014-09-19,34.3,30.4,40.7
2014-09-20,34.2,29.4,41.3
2014-09-21,34.0,29.5,39.1
2014-09-22,33.4,27.1,38.6
2014-09-23,33.8,29.1,39.3
2014-09-24,35.9,30.5,42.2
2014-09-25,33.8,30.0,37.2
2014-09-26,31.9,28.9,34.9
2014-09-27,32.9,29.6,36.7
2014-09-28,32.4,29.4,36.0
2014-09-29,32.1,29.0,35.4
2014-09-30,32.7,29.4,36.4
2014-10-01,32.6,29.5,35.5
2014-10-02,33.2,28.3,38.3
2014-10-03,34.8,28.3,40.9
2014-10-04,33.4,31.0,38.4
2014-10-05,32.2,28.7,35.4
2014-10-06,32.1,29.0,36.3
2014-10-07,32.7,29.2,37.3
2014-10-08,34.2,30.4,37.0
2014-10-09,32.1,29.4,34.0
2014-10-10,32.3,29.0,36.1
2014-10-11,32.2,28.6,36.2
2014-10-12,33.3,28.4,38.3
2014-10-13,32.1,29.1,35.0
2014-10-14,31.6,28.4,35.3
2014-10-15,32.0,27.8,35.0
2014-10-16,31.9,28.6,35.1
2014-10-17,32.8,29.0,40.0
2014-10-18,32.6,28.0,39.4
2014-10-19,30.8,28.9,33.4
2014-10-20,32.4,27.5,40.0
2014-10-21,31.9,27.7,34.0
2014-10-22,29.8,28.0,33.2
2014-10-23,29.0,25.0,33.6
2014-10-24,28.6,24.9,32.4
2014-10-25,28.5,25.0,32.4
2014-10-26,28.8,24.6,33.9
2014-10-27,29.3,25.3,33.6
2014-10-28,29.3,26.0,32.6
2014-10-29,29.6,25.2,33.6
2014-10-30,29.8,26.5,33.0
2014-10-31,29.6,25.7,33.0
2014-11-01,31.2,28.0,37.4
2014-11-02,28.8,26.0,32.0
2014-11-03,27.9,25.0,32.5
2014-11-04,28.7,22.5,36.1
2014-11-05,27.6,25.0,30.0
2014-11-06,24.8,23.0,28.4
2014-11-07,23.4,20.9,27.2
2014-11-08,23.9,20.0,27.2
2014-11-09,25.7,22.8,29.3
2014-11-10,25.3,23.0,28.6
2014-11-11,24.3,21.0,27.2
2014-11-12,23.9,20.4,27.1
2014-11-13,23.9,20.8,28.3
2014-11-14,25.0,20.3,29.4
2014-11-15,25.1,20.9,28.7
2014-11-16,24.4,21.0,28.5
2014-11-17,24.9,20.7,29.0
2014-11-18,25.3,21.8,29.2
2014-11-19,25.5,22.9,29.3
2014-11-20,24.7,22.0,28.4
2014-11-21,24.4,22.0,28.3
2014-11-22,24.9,20.5,30.1
2014-11-23,25.6,22.0,30.9
2014-11-24,25.6,22.9,28.1
2014-11-25,26.7,25.0,29.8
2014-11-26,25.0,22.9,28.3
2014-11-27,23.8,21.6,27.1
2014-11-28,23.2,21.0,28.4
2014-11-29,22.8,20.9,26.9
2014-11-30,20.6,19.0,24.1
2014-12-01,18.7,15.6,22.0
2014-12-02,19.6,16.5,23.0
2014-12-03,20.9,17.6,25.2
2014-12-04,22.2,18.8,27.0
2014-12-05,22.4,19.6,27.3
2014-12-06,22.1,19.0,25.0
2014-12-07,21.7,18.9,25.5
2014-12-08,21.9,17.9,25.6
2014-12-09,21.7,19.0,24.0
2014-12-10,21.7,17.7,27.0
2014-12-11,22.1,16.7,27.0
2014-12-12,21.9,19.7,27.3
2014-12-13,22.1,19.0,26.4
2014-12-14,22.4,18.6,26.4
2014-12-15,22.4,19.0,27.5
2014-12-16,22.7,19.5,27.0
2014-12-17,22.3,16.7,27.1
2014-12-18,20.4,16.2,24.3
2014-12-19,19.7,16.7,23.0
2014-12-20,19.6,12.0,24.8
2014-12-21,20.5,15.4,27.0
2014-12-22,20.9,17.9,25.5
2014-12-23,20.5,18.0,24.0
2014-12-24,21.0,19.0,24.8
2014-12-25,18.6,14.2,22.0
2014-12-26,18.4,15.0,22.8
2014-12-27,18.9,16.0,23.7
2014-12-28,19.9,16.0,27.0
2014-12-29,21.4,16.8,30.3
2014-12-30,21.7,18.3,26.3
2014-12-31,20.6,18.0,25.6
2015-01-01,20.5,17.6,25.1
2015-01-02,20.6,17.5,25.1
2015-01-03,20.9,17.4,27.2
2015-01-04,21.2,17.0,28.1
2015-01-05,21.6,18.0,27.0
2015-01-06,19.8,15.5,24.0
2015-01-07,20.9,16.2,27.4
2015-01-08,20.1,17.0,29.9
2015-01-09,17.3,14.0,22.8
2015-01-10,18.6,16.0,21.6
2015-01-11,15.2,14.0,17.2
2015-01-12,16.3,15.0,20.0
2015-01-13,15.9,12.9,19.6
2015-01-14,17.3,12.7,23.0
2015-01-15,17.9,13.6,23.2
2015-01-16,18.7,14.3,24.8
2015-01-17,19.9,16.8,24.5
2015-01-18,18.8,15.0,23.0
2015-01-19,14.6,14.0,17.0
2015-01-20,15.3,12.5,19.0
2015-01-21,16.6,11.9,21.1
2015-01-22,16.9,13.0,22.6
2015-01-23,16.7,12.6,23.0
2015-01-24,17.1,12.8,23.8
2015-01-25,17.4,13.1,22.2
2015-01-26,18.6,14.3,23.4
2015-01-27,18.6,14.5,25.2
2015-01-28,19.5,14.5,24.7
2015-01-29,20.7,16.0,24.6
2015-01-30,22.2,18.8,25.0
2015-01-31,23.8,19.0,32.4
2015-02-01,21.6,18.0,27.4
2015-02-02,19.2,16.0,24.8
2015-02-03,18.7,12.5,24.1
2015-02-04,19.4,16.3,23.6
2015-02-05,21.6,16.0,28.7
2015-02-06,20.3,17.2,26.2
2015-02-07,19.1,15.0,24.4
2015-02-08,20.0,15.0,24.2
2015-02-09,22.6,19.9,28.2
2015-02-10,22.8,21.9,26.1
2015-02-11,22.7,20.9,26.2
2015-02-12,23.8,20.6,31.6
2015-02-13,22.1,19.6,26.5
2015-02-14,22.1,19.8,26.1
2015-02-15,22.2,19.0,27.8
2015-02-16,22.5,16.9,29.9
2015-02-17,24.0,19.8,30.8
2015-02-18,22.9,21.0,28.0
2015-02-19,23.4,18.0,31.4
2015-02-20,25.7,20.8,33.7
2015-02-21,19.5,17.0,27.8
2015-02-22,17.1,15.0,22.5
2015-02-23,16.2,13.0,19.0
2015-02-24,17.2,13.0,21.8
2015-02-25,18.4,14.5,22.4
2015-02-26,19.9,13.8,26.4
2015-02-27,18.9,16.7,23.4
2015-02-28,19.9,16.4,24.7
2015-03-01,20.3,15.9,27.6
2015-03-02,21.9,15.1,30.6
2015-03-03,22.1,17.4,27.3
2015-03-04,22.4,18.9,28.1
2015-03-05,22.2,18.5,27.2
2015-03-06,21.1,18.0,25.7
2015-03-07,22.4,17.8,28.9
2015-03-08,20.8,16.8,26.3
2015-03-09,21.4,17.5,26.3
2015-03-10,23.6,19.9,28.0
2015-03-11,22.9,19.0,29.5
2015-03-12,20.7,17.3,25.0
2015-03-13,21.4,17.9,25.6
2015-03-14,21.9,19.9,26.0
2015-03-15,22.0,18.6,24.8
2015-03-16,22.2,20.0,27.7
2015-03-17,24.1,20.6,27.0
2015-03-18,24.2,22.6,27.0
2015-03-19,24.6,23.6,28.0
2015-03-20,25.3,23.0,26.0
2015-03-21,25.5,23.0,33.3
2015-03-22,22.9,20.6,25.0
2015-03-23,21.7,19.0,24.9
2015-03-24,20.9,17.6,25.3
2015-03-25,22.1,18.0,26.8
2015-03-26,24.2,20.5,29.6
2015-03-27,24.1,22.0,28.0
2015-03-28,23.8,20.7,28.5
2015-03-29,23.5,18.5,29.3
2015-03-30,25.7,20.4,30.4
2015-03-31,28.7,25.0,37.1
2015-04-01,26.8,22.9,31.0
2015-04-02,24.5,20.5,29.6
2015-04-03,25.1,20.5,29.6
2015-04-04,25.4,19.0,32.0
2015-04-05,31.6,24.3,33.0
2015-04-06,31.0,25.1,33.0
2015-04-07,28.7,23.8,33.7
2015-04-08,28.4,23.6,34.0
2015-04-09,28.8,24.6,35.0
2015-04-10,29.1,24.0,33.0
2015-04-11,29.9,27.0,35.0
2015-04-12,32.7,25.0,41.4
2015-04-13,26.9,24.0,30.0
2015-04-14,24.7,23.0,29.0
2015-04-15,26.1,22.0,31.0
2015-04-16,28.1,22.0,34.0
2015-04-17,29.9,25.0,33.0
2015-04-18,28.5,24.7,34.2
2015-04-19,27.6,25.0,32.1
2015-04-20,28.6,21.9,34.0
2015-04-21,28.7,22.4,36.0
2015-04-22,29.2,23.9,33.0
2015-04-23,31.3,27.4,40.0
2015-04-24,31.9,27.6,43.1
2015-04-25,26.2,24.0,29.4
2015-04-26,27.2,23.0,32.7
2015-04-27,29.7,23.9,36.4
2015-04-28,31.1,25.6,38.7
2015-04-29,32.5,27.1,39.7
2015-04-30,32.1,26.0,38.0
2015-05-01,30.9,25.8,40.2
2015-05-02,30.6,26.2,34.0
2015-05-03,32.5,28.0,40.4
2015-05-04,32.5,28.0,40.2
2015-05-05,31.2,28.0,35.0
2015-05-06,32.4,27.9,38.7
2015-05-07,33.7,29.0,41.3
2015-05-08,33.9,29.8,38.4
2015-05-09,32.7,30.0,35.8
2015-05-10,36.0,30.0,42.0
2015-05-11,33.4,29.9,40.7
2015-05-12,33.8,29.0,41.5
2015-05-13,34.6,27.0,41.2
2015-05-14,35.9,30.0,42.9
2015-05-15,35.1,33.0,38.0
2015-05-16,35.6,30.7,43.0
2015-05-17,33.2,30.6,37.9
2015-05-18,34.2,29.4,38.0
2015-05-19,30.7,28.0,39.0
2015-05-20,35.8,30.3,39.0
2015-05-21,34.9,27.0,42.5
2015-05-22,36.1,30.3,43.6
2015-05-23,36.5,29.2,45.9
2015-05-24,33.3,31.7,44.7
2015-05-25,36.3,31.7,38.0
2015-05-26,36.7,33.6,40.4
2015-05-27,38.0,31.9,43.5
2015-05-28,37.4,30.0,42.0
2015-05-29,33.1,28.9,41.2
2015-05-30,32.5,26.6,39.0
2015-05-31,34.5,28.5,39.8
2015-06-01,38.2,30.0,45.5
2015-06-02,39.3,30.5,46.0
2015-06-03,39.1,32.0,46.7
2015-06-04,35.0,29.8,37.0
2015-06-05,33.2,29.5,36.9
2015-06-06,36.0,27.7,45.6
2015-06-07,34.4,27.6,42.4
2015-06-08,34.7,28.0,40.9
2015-06-09,35.3,31.0,40.2
2015-06-10,33.7,29.0,37.4
2015-06-11,33.0,28.9,38.7
2015-06-12,34.1,29.6,37.0
2015-06-13,33.7,29.1,38.9
2015-06-14,32.6,29.0,35.0
2015-06-15,35.7,29.0,40.1
2015-06-16,37.0,31.3,41.2
2015-06-17,37.2,31.2,41.5
2015-06-18,37.3,30.9,44.4
2015-06-19,38.9,29.9,42.0
2015-06-20,38.6,28.8,43.8
2015-06-21,37.5,33.9,39.0
2015-06-22,37.4,30.8,42.1
2015-06-23,37.9,32.7,40.0
2015-06-24,38.4,32.7,42.1
2015-06-25,39.0,23.8,43.1
2015-06-26,36.0,31.0,39.8
2015-06-27,36.3,31.0,40.2
2015-06-28,36.4,30.8,42.8
2015-06-29,36.6,30.0,39.0
2015-06-30,35.3,30.0,37.0
2015-07-01,35.2,31.0,40.5
2015-07-02,34.6,32.0,39.4
2015-07-03,34.4,27.7,39.9
2015-07-04,34.3,30.9,38.0
2015-07-05,36.2,30.9,41.7
2015-07-06,40.4,32.2,42.1
2015-07-07,38.4,32.3,42.3
2015-07-08,35.3,31.0,42.4
2015-07-09,34.2,30.3,37.0
2015-07-10,39.1,32.3,44.3
2015-07-11,37.1,32.0,44.5
2015-07-12,34.4,29.7,36.0
2015-07-13,33.7,32.0,37.6
2015-07-14,33.8,32.0,37.0
2015-07-15,37.0,30.8,43.6
2015-07-16,39.8,31.0,44.7
2015-07-17,41.7,34.1,47.5
2015-07-18,40.2,34.0,43.0
2015-07-19,39.2,34.4,43.0
2015-07-20,40.1,33.0,47.6
2015-07-21,38.9,33.0,45.6
2015-07-22,36.3,32.0,41.5
2015-07-23,34.3,32.0,42.1
2015-07-24,35.1,31.3,39.0
2015-07-25,36.5,31.5,41.3
2015-07-26,35.6,31.4,39.5
2015-07-27,37.5,32.9,48.0
2015-07-28,37.1,34.0,42.4
2015-07-29,38.7,33.1,41.0
2015-07-30,38.5,34.0,48.1
2015-07-31,38.0,33.0,46.6
2015-08-01,36.8,32.1,46.7
2015-08-02,35.7,32.1,39.7
2015-08-03,34.9,33.0,39.7
2015-08-04,35.5,32.3,38.0
2015-08-05,36.4,32.3,41.6
2015-08-06,37.6,32.3,45.0
2015-08-07,36.1,32.0,41.0
2015-08-08,36.7,31.7,43.0
2015-08-09,39.2,33.0,47.5
2015-08-10,37.3,31.7,42.7
2015-08-11,37.0,32.0,42.1
2015-08-12,35.2,30.7,38.4
2015-08-13,35.9,32.0,42.0
2015-08-14,35.7,31.3,41.4
2015-08-15,36.1,32.0,42.0
2015-08-16,36.3,32.0,43.3
2015-08-17,36.4,31.5,40.5
2015-08-18,36.6,31.4,41.1
2015-08-19,36.1,32.4,39.3
2015-08-20,36.7,33.3,43.8
2015-08-21,37.0,33.4,41.4
2015-08-22,37.3,32.4,45.6
2015-08-23,36.8,33.5,41.1
2015-08-24,36.5,32.9,42.4
2015-08-25,37.0,32.6,46.3
2015-08-26,36.4,32.2,44.0
2015-08-27,36.1,32.0,41.1
2015-08-28,36.8,32.0,44.6
2015-08-29,36.7,33.8,44.6
2015-08-30,36.7,32.2,44.7
2015-08-31,36.1,33.0,41.0
2015-09-01,36.1,30.7,39.8
2015-09-02,37.8,31.0,43.0
2015-09-03,37.2,31.8,43.2
2015-09-04,35.3,32.0,38.1
2015-09-05,35.4,34.0,38.0
2015-09-06,35.3,32.6,38.7
2015-09-07,36.3,30.6,42.3
2015-09-08,35.9,32.4,43.4
2015-09-09,34.9,32.0,40.4
2015-09-10,34.9,31.8,42.7
2015-09-11,33.4,30.9,40.2
2015-09-12,34.2,30.8,38.1
2015-09-13,34.4,30.9,38.0
2015-09-14,35.0,30.8,40.0
2015-09-15,35.7,30.3,42.7
2015-09-16,35.9,30.4,42.3
2015-09-17,34.8,32.0,39.3
2015-09-18,34.1,30.3,40.0
2015-09-19,34.5,29.4,42.1
2015-09-20,33.5,28.0,39.0
2015-09-21,33.3,29.5,37.0
2015-09-22,33.2,30.0,37.5
2015-09-23,33.1,29.6,37.0
2015-09-24,34.1,27.9,39.7
2015-09-25,33.1,30.8,37.3
2015-09-26,33.4,29.0,39.6
2015-09-27,33.2,28.9,38.3
2015-09-28,35.1,29.6,42.5
2015-09-29,33.6,29.8,37.3
2015-09-30,35.0,30.3,41.0
2015-10-01,33.6,30.0,37.0
2015-10-02,34.3,29.0,40.9
2015-10-03,36.1,30.9,42.0
2015-10-04,34.5,30.7,41.4
2015-10-05,32.9,29.0,38.0
2015-10-06,33.1,29.3,38.5
2015-10-07,33.3,28.3,40.6
2015-10-08,34.0,29.2,42.0
2015-10-09,34.3,29.4,42.3
2015-10-10,34.7,29.6,39.4
2015-10-11,33.6,29.1,38.0
2015-10-12,32.6,30.0,37.4
2015-10-13,31.9,29.0,37.1
2015-10-14,30.6,27.0,34.0
2015-10-15,31.4,28.7,35.0
2015-10-16,31.4,28.3,35.2
2015-10-17,31.1,27.9,34.5
2015-10-18,32.2,27.6,37.2
2015-10-19,31.4,27.5,36.7
2015-10-20,31.2,27.2,36.0
2015-10-21,31.1,27.4,34.0
2015-10-22,31.2,26.7,34.1
2015-10-23,30.8,28.0,35.1
2015-10-24,30.4,25.8,35.0
2015-10-25,30.1,25.1,33.5
2015-10-26,30.2,26.3,33.0
2015-10-27,31.1,28.7,34.1
2015-10-28,31.8,29.3,37.6
2015-10-29,31.7,29.8,35.3
2015-10-30,30.5,28.0,34.3
2015-10-31,29.8,27.7,33.0
2015-11-01,29.2,26.9,32.0
2015-11-02,28.4,26.9,31.5
2015-11-03,28.9,26.6,32.0
2015-11-04,28.6,25.6,32.0
2015-11-05,28.4,26.0,32.8
2015-11-06,28.0,23.8,31.6
2015-11-07,28.7,23.6,33.9
2015-11-08,29.1,24.8,33.4
2015-11-09,28.4,26.4,30.6
2015-11-10,31.7,27.7,37.3
2015-11-11,27.9,25.0,31.0
2015-11-12,25.4,23.0,29.5
2015-11-13,23.9,20.6,28.4
2015-11-14,23.9,21.0,28.0
2015-11-15,24.3,21.0,28.7
2015-11-16,24.3,20.6,29.2
2015-11-17,24.4,20.5,29.0
2015-11-18,25.9,21.0,29.5
2015-11-19,26.4,23.5,30.0
2015-11-20,25.3,23.9,28.5
2015-11-21,24.2,22.5,27.6
2015-11-22,23.5,20.0,27.6
2015-11-23,24.4,20.5,27.2
2015-11-24,23.4,20.9,25.0
2015-11-25,23.3,19.1,25.0
2015-11-26,24.3,22.0,27.0
2015-11-27,24.2,21.0,28.0
2015-11-28,24.7,21.0,29.0
2015-11-29,24.3,21.7,28.2
2015-11-30,23.6,22.0,27.0
2015-12-01,23.2,20.0,27.4
2015-12-02,23.3,20.8,27.0
2015-12-03,23.8,19.7,27.3
2015-12-04,24.2,21.0,28.4
2015-12-05,23.3,22.0,27.0
2015-12-06,20.6,18.0,24.6
2015-12-07,15.8,14.0,19.0
2015-12-08,15.6,12.8,19.0
2015-12-09,17.4,14.0,21.1
2015-12-10,18.7,14.9,22.7
2015-12-11,20.1,16.7,24.0
2015-12-12,20.2,17.9,24.0
2015-12-13,19.9,15.7,24.0
2015-12-14,21.3,17.3,25.0
2015-12-15,20.4,18.0,23.3
2015-12-16,18.2,15.5,21.7
2015-12-17,18.8,15.4,22.4
2015-12-18,19.3,14.8,23.0
2015-12-19,21.3,17.0,27.0
2015-12-20,20.9,17.3,24.1
2015-12-21,21.4,18.6,25.1
2015-12-22,20.2,17.6,23.0
2015-12-23,20.3,17.9,23.2
2015-12-24,22.5,19.0,25.5
2015-12-25,19.0,17.0,23.0
2015-12-26,17.3,15.0,22.0
2015-12-27,18.7,16.0,22.0
2015-12-28,18.7,16.0,22.0
2015-12-29,19.1,16.6,22.2
2015-12-30,19.4,15.4,23.0
2015-12-31,21.1,18.5,23.6
2016-01-01,22.1,18.9,25.0
2016-01-02,22.0,20.0,26.1
2016-01-03,17.3,15.0,20.6
2016-01-04,17.0,14.0,20.5
2016-01-05,17.9,15.0,21.2
2016-01-06,18.8,14.8,23.1
2016-01-07,19.4,15.7,23.2
2016-01-08,18.8,14.9,23.3
2016-01-09,20.4,16.8,24.1
2016-01-10,20.0,18.0,23.2
2016-01-11,17.9,16.0,22.0
2016-01-12,18.0,14.0,21.2
2016-01-13,17.6,15.9,21.0
2016-01-14,17.7,14.0,21.1
2016-01-15,17.1,13.0,22.0
2016-01-16,18.5,14.0,23.0
2016-01-17,20.1,16.1,25.1
2016-01-18,18.8,16.0,23.3
2016-01-19,19.4,15.1,23.0
2016-01-20,19.1,15.8,23.3
2016-01-21,19.4,16.0,25.0
2016-01-22,20.4,16.8,27.5
2016-01-23,20.1,16.7,27.3
2016-01-24,20.8,17.5,25.0
2016-01-25,21.9,19.0,27.1
2016-01-26,19.6,18.8,22.4
2016-01-27,18.9,18.0,21.0
2016-01-28,17.7,15.0,20.1
2016-01-29,13.2,11.0,16.6
2016-01-30,13.6,10.0,17.8
2016-01-31,15.3,11.0,19.6
2016-02-01,16.4,12.8,21.0
2016-02-02,16.6,12.4,20.4
2016-02-03,17.8,14.0,21.1
2016-02-04,18.5,15.3,23.0
2016-02-05,19.1,16.0,24.0
2016-02-06,17.5,11.9,24.0
2016-02-07,18.7,13.7,24.0
2016-02-08,21.3,16.9,28.0
2016-02-09,19.1,16.0,23.1
2016-02-10,18.2,15.0,22.1
2016-02-11,18.3,13.5,22.2
2016-02-12,17.6,16.0,21.0
2016-02-13,18.2,14.0,23.0
2016-02-14,18.4,14.6,23.0
2016-02-15,19.3,14.4,24.0
2016-02-16,21.0,16.8,26.0
2016-02-17,19.7,16.0,22.1
2016-02-18,20.5,15.4,25.0
2016-02-19,19.7,15.0,26.0
2016-02-20,21.2,14.1,27.2
2016-02-21,21.4,18.0,27.0
2016-02-22,21.8,17.8,25.7
2016-02-23,23.8,20.9,27.1
2016-02-24,23.4,21.0,27.6
2016-02-25,23.1,21.0,27.4
2016-02-26,21.7,20.0,26.4
2016-02-27,22.3,18.4,25.4
2016-02-28,23.1,21.7,24.8
2016-02-29,23.7,21.0,28.7
2016-03-01,22.5,19.7,26.3
2016-03-02,21.8,18.4,26.0
2016-03-03,22.1,17.7,25.5
2016-03-04,22.7,18.1,26.1
2016-03-05,23.6,19.9,26.7
2016-03-06,24.4,21.7,28.0
2016-03-07,22.6,20.0,24.2
2016-03-08,22.3,19.9,25.0
2016-03-09,20.2,17.5,22.0
2016-03-10,22.3,18.0,26.6
2016-03-11,23.9,19.7,28.5
2016-03-12,25.3,21.3,30.0
2016-03-13,26.4,21.6,31.0
2016-03-14,24.7,22.7,30.5
2016-03-15,24.7,22.0,29.0
2016-03-16,22.9,21.0,25.0
2016-03-17,23.9,21.0,27.1
2016-03-18,23.2,20.0,27.0
2016-03-19,23.5,20.8,26.7
2016-03-20,23.6,19.3,26.0
2016-03-21,24.4,20.0,28.0
2016-03-22,24.2,22.9,26.0
2016-03-23,24.3,20.5,29.3
2016-03-24,23.1,20.0,28.3
2016-03-25,22.6,18.0,27.0
2016-03-26,23.0,18.2,27.0
2016-03-27,24.9,21.0,28.0
2016-03-28,26.7,24.0,30.6
2016-03-29,26.9,22.0,29.9
2016-03-30,23.9,21.0,28.8
2016-03-31,21.7,18.0,26.0
2016-04-01,21.1,19.0,24.0
2016-04-02,22.8,18.4,27.5
2016-04-03,22.6,19.0,27.0
2016-04-04,23.6,19.7,27.9
2016-04-05,25.3,21.9,30.7
2016-04-06,25.7,21.8,29.0
2016-04-07,25.7,23.0,29.9
2016-04-08,26.6,24.0,32.0
2016-04-09,26.7,22.8,32.0
2016-04-10,28.2,22.5,35.0
2016-04-11,27.9,23.2,33.4
2016-04-12,28.1,24.5,33.4
2016-04-13,26.8,25.0,29.0
2016-04-14,26.9,24.5,32.3
2016-04-15,26.2,22.3,30.0
2016-04-16,26.8,22.7,32.0
2016-04-17,27.7,22.8,33.0
2016-04-18,28.4,23.0,35.0
2016-04-19,28.7,25.0,34.2
2016-04-20,28.3,24.0,32.0
2016-04-21,29.2,23.9,34.3
2016-04-22,29.6,25.0,34.5
2016-04-23,29.6,25.6,35.7
2016-04-24,29.3,26.0,35.4
2016-04-25,29.4,24.8,34.3
2016-04-26,30.7,25.9,39.2
2016-04-27,30.6,26.0,36.5
2016-04-28,31.1,24.9,37.0
2016-04-29,31.1,25.6,35.1
2016-04-30,30.2,28.0,35.0
2016-05-01,29.8,26.0,35.0
2016-05-02,31.2,23.7,38.5
2016-05-03,33.9,28.6,41.0
2016-05-04,32.8,30.0,37.0
2016-05-05,31.4,28.0,37.0
2016-05-06,31.9,27.0,39.3
2016-05-07,32.1,27.0,39.1
2016-05-08,34.1,28.5,40.0
2016-05-09,35.2,30.6,40.1
2016-05-10,32.8,31.0,35.0
2016-05-11,33.8,30.0,39.3
2016-05-12,34.6,29.9,42.0
2016-05-13,35.4,28.7,45.0
2016-05-14,35.2,30.9,40.3
2016-05-15,35.3,30.0,41.0
2016-05-16,31.7,29.0,36.0
2016-05-17,31.4,27.0,36.0
2016-05-18,33.7,28.4,39.5
2016-05-19,34.8,29.0,41.8
2016-05-20,34.9,29.6,41.4
2016-05-21,33.4,31.0,38.2
2016-05-22,34.4,28.5,39.5
2016-05-23,36.5,29.1,43.1
2016-05-24,36.0,30.0,45.0
2016-05-25,33.5,30.0,38.2
2016-05-26,33.0,29.5,37.2
2016-05-27,35.3,28.0,39.4
2016-05-28,36.1,32.7,42.0
2016-05-29,36.7,31.5,40.3
2016-05-30,37.9,33.3,44.2
2016-05-31,35.2,32.7,40.2
2016-06-01,34.8,30.9,39.2
2016-06-02,36.3,30.3,41.4
2016-06-03,35.8,32.0,42.5
2016-06-04,34.7,31.0,40.6
2016-06-05,33.6,29.0,39.2
2016-06-06,34.0,28.0,41.0
2016-06-07,36.1,31.0,43.0
2016-06-08,38.8,33.6,43.5
2016-06-09,38.6,35.0,42.8
2016-06-10,37.3,34.0,46.0
2016-06-11,39.4,32.7,45.5
2016-06-12,37.6,34.9,42.0
2016-06-13,36.1,33.6,40.5
2016-06-14,36.1,31.0,41.2
2016-06-15,35.5,31.0,43.5
2016-06-16,35.0,28.3,41.4
2016-06-17,35.1,29.3,41.0
2016-06-18,36.3,32.0,40.4
2016-06-19,36.4,32.9,42.4
2016-06-20,38.2,34.0,42.0
2016-06-21,37.7,34.0,42.7
2016-06-22,36.6,34.0,42.0
2016-06-23,35.6,32.0,41.2
2016-06-24,36.1,32.0,42.3
2016-06-25,36.3,31.5,42.0
2016-06-26,36.6,31.0,42.0
2016-06-27,40.4,31.0,47.0
2016-06-28,38.0,33.0,43.9
2016-06-29,35.4,31.9,40.0
2016-06-30,36.9,31.0,44.1
2016-07-01,41.2,32.9,48.1
2016-07-02,39.7,37.0,43.7
2016-07-03,39.3,36.0,44.4
2016-07-04,38.0,35.0,43.1
2016-07-05,37.7,34.0,44.0
2016-07-06,37.6,32.5,42.9
2016-07-07,37.8,33.0,45.0
2016-07-08,40.2,33.4,44.6
2016-07-09,41.6,35.0,47.3
2016-07-10,41.2,37.0,46.2
2016-07-11,40.8,36.8,45.5
2016-07-12,39.7,35.4,44.4
2016-07-13,39.8,34.8,45.2
2016-07-14,37.6,33.8,43.6
2016-07-15,36.2,32.9,44.0
2016-07-16,36.4,33.0,41.5
2016-07-17,37.8,32.4,42.9
2016-07-18,36.4,33.0,40.3
2016-07-19,37.7,34.0,42.2
2016-07-20,39.3,35.0,47.0
2016-07-21,37.4,34.3,42.4
2016-07-22,37.7,33.3,42.4
2016-07-23,38.1,34.0,45.0
2016-07-24,35.9,34.0,39.5
2016-07-25,37.3,34.0,44.0
2016-07-26,36.7,34.8,40.5
2016-07-27,35.9,34.0,38.3
2016-07-28,35.9,33.6,38.0
2016-07-29,36.1,34.0,39.6
2016-07-30,35.7,34.0,39.0
2016-07-31,36.0,32.8,39.0
2016-08-01,37.0,33.5,41.8
2016-08-02,38.4,34.0,46.1
2016-08-03,38.1,34.0,46.2
2016-08-04,36.1,33.0,39.5
2016-08-05,35.7,33.8,40.9
2016-08-06,36.4,32.6,42.3
2016-08-07,36.4,33.0,42.2
2016-08-08,36.4,32.0,43.1
2016-08-09,36.3,32.0,42.7
2016-08-10,36.8,33.0,44.0
2016-08-11,36.1,32.9,42.6
2016-08-12,35.9,32.0,39.5
2016-08-13,36.4,33.0,42.2
2016-08-14,37.3,32.0,45.6
2016-08-15,37.5,33.0,43.8
2016-08-16,37.6,33.7,43.3
2016-08-17,37.5,33.8,43.0
2016-08-18,36.9,33.0,42.1
2016-08-19,35.9,33.0,39.0
2016-08-20,35.8,33.0,41.9
2016-08-21,35.4,32.9,40.1
2016-08-22,35.3,32.0,39.0
2016-08-23,35.7,31.6,42.0
2016-08-24,36.8,31.4,43.4
2016-08-25,36.1,32.9,42.0
2016-08-26,36.1,31.9,42.3
2016-08-27,36.1,32.0,43.8
2016-08-28,35.6,32.3,40.7
2016-08-29,35.9,33.0,40.4
2016-08-30,36.4,31.7,42.0
2016-08-31,36.5,31.5,44.4
2016-09-01,36.9,31.1,46.3
2016-09-02,36.8,32.5,42.2
2016-09-03,35.4,33.4,38.6
2016-09-04,35.2,32.0,40.3
2016-09-05,36.7,32.0,42.4
2016-09-06,36.7,33.7,42.9
2016-09-07,35.7,34.0,38.2
2016-09-08,34.8,31.7,39.6
2016-09-09,34.0,29.7,38.3
2016-09-10,33.4,30.0,36.4
2016-09-11,33.1,30.0,36.4
2016-09-12,33.4,30.0,38.4
2016-09-13,33.7,29.9,37.0
2016-09-14,34.4,31.5,39.2
2016-09-15,34.4,31.0,39.0
2016-09-16,34.6,29.9,39.5
2016-09-17,34.7,30.0,40.5
2016-09-18,34.8,30.5,42.0
2016-09-19,35.1,30.6,40.1
2016-09-20,35.1,32.0,40.4
2016-09-21,33.7,30.9,37.6
2016-09-22,32.9,29.3,36.8
2016-09-23,34.7,29.0,42.0
2016-09-24,34.8,31.4,39.1
2016-09-25,34.8,31.0,41.2
2016-09-26,32.5,29.0,37.3
2016-09-27,31.4,28.6,34.5
2016-09-28,34.2,27.6,41.6
2016-09-29,33.8,28.5,40.6
2016-09-30,31.8,29.0,37.2
2016-10-01,30.8,28.0,34.6
2016-10-02,30.3,26.6,34.1
2016-10-03,30.3,25.5,35.6
2016-10-04,30.1,26.3,35.2
2016-10-05,30.1,24.5,37.0
2016-10-06,30.8,25.0,38.0
2016-10-07,30.7,27.0,36.4
2016-10-08,30.1,26.2,35.5
2016-10-09,30.9,25.5,38.3
2016-10-10,31.0,26.6,38.2
2016-10-11,31.7,26.5,39.0
2016-10-12,31.4,25.8,39.1
2016-10-13,30.8,25.9,37.3
2016-10-14,29.9,25.9,34.6
2016-10-15,30.9,25.8,37.9
2016-10-16,30.4,26.0,36.7
2016-10-17,29.1,27.0,31.0
2016-10-18,29.3,26.0,33.5
2016-10-19,30.2,26.0,35.5
2016-10-20,30.8,26.0,37.0
2016-10-21,30.1,26.0,34.7
2016-10-22,29.2,26.0,33.6
2016-10-23,28.7,24.7,34.6
2016-10-24,28.7,25.0,33.5
2016-10-25,28.4,24.0,33.7
2016-10-26,29.1,26.8,32.0
2016-10-27,29.3,26.0,33.9
2016-10-28,29.5,25.0,35.3
2016-10-29,29.5,24.2,35.2
2016-10-30,28.9,23.1,34.9
2016-10-31,28.5,24.8,33.1
2016-11-01,28.2,24.3,33.2
2016-11-02,29.0,25.7,32.7
2016-11-03,28.8,25.2,32.7
2016-11-04,27.9,25.5,32.2
2016-11-05,28.5,25.0,34.6
2016-11-06,28.6,22.5,34.9
2016-11-07,27.2,24.0,31.6
2016-11-08,26.1,24.0,30.9
2016-11-09,25.9,23.0,30.5
2016-11-10,26.2,22.3,30.0
2016-11-11,25.9,22.8,30.7
2016-11-12,26.0,22.2,32.2
2016-11-13,25.3,21.0,30.0
2016-11-14,25.1,21.0,30.0
2016-11-15,25.3,21.6,31.0
2016-11-16,24.9,21.1,30.2
2016-11-17,25.2,20.7,29.2
2016-11-18,25.4,21.5,29.7
2016-11-19,25.4,21.0,30.8
2016-11-20,25.3,21.9,30.8
2016-11-21,24.9,21.7,30.4
2016-11-22,24.9,22.1,28.9
2016-11-23,24.8,22.5,28.6
2016-11-24,25.3,22.2,29.5
2016-11-25,24.2,22.2,25.1
2016-11-26,23.1,21.0,26.4
2016-11-27,24.1,21.9,27.5
2016-11-28,23.6,21.9,25.6
2016-11-29,23.8,21.1,27.3
2016-11-30,23.8,21.0,27.2
2016-12-01,24.8,20.6,30.4
2016-12-02,25.7,21.9,30.0
2016-12-03,25.9,21.8,32.4
2016-12-04,25.2,23.0,30.3
2016-12-05,24.7,21.9,29.4
2016-12-06,24.2,21.0,27.9
2016-12-07,23.7,21.0,27.4
2016-12-08,21.4,18.9,26.0
2016-12-09,21.3,18.0,26.0
2016-12-10,18.1,16.0,22.2
2016-12-11,17.4,14.3,21.5
2016-12-12,18.2,14.4,23.1
2016-12-13,18.9,15.5,24.0
2016-12-14,20.1,14.6,23.3
2016-12-15,21.8,20.0,25.4
2016-12-16,19.3,17.0,23.2
2016-12-17,18.7,14.9,23.6
2016-12-18,19.2,16.0,23.4
2016-12-19,19.9,16.6,24.4
2016-12-20,20.4,16.7,26.6
2016-12-21,20.1,17.0,24.4
2016-12-22,20.5,17.6,24.9
2016-12-23,21.8,18.6,25.5
2016-12-24,21.6,18.7,26.9
2016-12-25,21.6,17.8,25.7
2016-12-26,19.8,15.9,24.7
2016-12-27,19.1,17.6,23.8
2016-12-28,20.3,14.0,29.9
2016-12-29,21.8,18.8,26.4
2016-12-30,22.6,18.6,29.1
2016-12-31,23.7,18.8,30.6
2017-01-01,23.4,18.6,31.1
2017-01-02,21.7,18.7,28.6
2017-01-03,21.2,16.6,26.4
2017-01-04,20.7,19.0,25.2
2017-01-05,18.9,16.9,23.2
2017-01-06,17.8,15.6,22.0
2017-01-07,18.8,14.9,22.7
2017-01-08,19.6,14.9,26.1
2017-01-09,20.5,17.0,26.2
2017-01-10,20.9,17.1,26.4
2017-01-11,20.8,16.3,27.9
2017-01-12,20.8,16.0,25.9
2017-01-13,19.6,17.0,24.0
2017-01-14,18.6,16.0,22.4
2017-01-15,18.2,15.4,22.6
2017-01-16,18.6,14.0,22.0
2017-01-17,19.6,17.0,24.2
2017-01-18,18.2,15.0,22.4
2017-01-19,19.0,15.3,22.5
2017-01-20,21.0,18.1,25.3
2017-01-21,20.0,16.3,23.7
2017-01-22,21.0,17.9,23.2
2017-01-23,19.7,17.0,22.5
2017-01-24,16.8,14.9,20.5
2017-01-25,17.7,13.7,21.9
2017-01-26,18.8,15.2,22.8
2017-01-27,19.9,16.0,23.2
2017-01-28,21.4,18.0,25.0
2017-01-29,21.0,18.9,26.2
2017-01-30,17.6,15.0,22.5
2017-01-31,17.3,13.6,21.3
2017-02-01,20.1,16.0,24.0
2017-02-02,16.1,12.0,19.3
2017-02-03,11.3,9.6,14.0
2017-02-04,13.8,9.5,18.2
2017-02-05,14.4,9.8,19.1
2017-02-06,15.4,11.1,20.4
2017-02-07,16.3,12.0,22.1
2017-02-08,17.5,14.0,22.9
2017-02-09,18.3,13.4,22.0
2017-02-10,19.7,16.8,24.6
2017-02-11,19.6,16.8,21.5
2017-02-12,20.4,18.6,23.0
2017-02-13,21.1,19.9,22.8
2017-02-14,18.8,16.9,23.6
2017-02-15,20.2,18.3,22.6
2017-02-16,20.5,19.6,22.7
2017-02-17,19.8,17.0,25.0
2017-02-18,15.4,12.0,19.8
2017-02-19,13.3,10.7,17.1
2017-02-20,14.3,12.0,17.2
2017-02-21,15.3,10.9,19.4
2017-02-22,17.7,13.6,21.5
2017-02-23,18.8,16.4,21.0
2017-02-24,19.8,17.0,22.8
2017-02-25,19.6,17.5,23.5
2017-02-26,18.6,15.9,23.6
2017-02-27,19.7,14.5,25.8
2017-02-28,18.9,14.3,25.2
2017-03-01,19.4,14.4,25.6
2017-03-02,19.8,17.3,23.0
2017-03-03,21.3,17.0,24.9
2017-03-04,20.9,19.5,24.5
2017-03-05,21.5,18.0,26.2
2017-03-06,21.2,18.0,26.0
2017-03-07,21.1,15.9,26.8
2017-03-08,20.9,16.5,26.2
2017-03-09,23.6,18.9,30.2
2017-03-10,21.7,18.1,27.6
2017-03-11,21.9,18.0,25.4
2017-03-12,24.0,20.0,29.0
2017-03-13,25.7,21.9,29.9
2017-03-14,23.2,21.0,28.0
2017-03-15,22.1,19.0,25.0
2017-03-16,23.6,21.0,30.0
2017-03-17,23.1,22.0,25.0
2017-03-18,23.2,20.0,27.0
2017-03-19,24.5,22.0,28.0
2017-03-20,23.4,19.0,26.0
2017-03-21,22.7,19.0,26.0
2017-03-22,22.6,18.0,29.0
2017-03-23,22.6,20.0,25.0
2017-03-24,22.8,21.0,25.0
2017-03-25,22.3,21.0,24.0
2017-03-26,22.8,21.0,26.0
2017-03-27,22.2,21.0,24.0
2017-03-28,22.4,19.0,27.0
2017-03-29,24.1,20.0,27.0
2017-03-30,26.4,23.0,30.0
2017-03-31,26.0,23.0,30.0
2017-04-01,26.9,24.0,32.0
2017-04-02,27.3,23.0,31.0
2017-04-03,27.7,25.0,34.0
2017-04-04,24.7,22.0,29.0
2017-04-05,23.9,21.0,29.0
2017-04-06,23.3,19.0,26.0
2017-04-07,24.4,21.0,27.0
2017-04-08,27.2,23.0,31.0
2017-04-09,28.3,25.0,32.0
2017-04-10,29.6,25.0,60.0
2017-04-11,30.4,26.0,38.0
2017-04-12,30.6,25.0,39.0
2017-04-13,30.2,25.0,37.0
2017-04-14,30.9,25.0,39.0
2017-04-15,31.2,24.0,40.8
2017-04-16,29.4,25.0,35.0
2017-04-17,29.5,25.0,34.0
2017-04-18,30.4,26.0,35.0
2017-04-19,32.1,28.0,37.0
2017-04-20,28.6,26.0,32.0
2017-04-21,29.9,24.8,33.5
2017-04-22,30.2,26.0,36.0
2017-04-23,29.4,24.0,36.0
2017-04-24,30.0,23.0,36.0
2017-04-25,30.1,26.0,38.0
2017-04-26,31.1,27.0,35.0
2017-04-27,32.6,28.0,38.0
2017-04-28,31.9,27.0,38.0
2017-04-29,31.6,27.0,36.0
2017-04-30,31.7,28.0,37.0
2017-05-01,31.7,29.0,37.0
2017-05-02,32.1,26.0,38.0
2017-05-03,32.2,25.9,37.0
2017-05-04,31.8,28.0,35.0
2017-05-05,33.5,30.0,38.4
2017-05-06,32.7,29.0,39.0
2017-05-07,32.8,29.0,40.0
2017-05-08,32.9,29.0,39.0
2017-05-09,33.4,28.0,37.0
2017-05-10,35.2,31.0,40.0
2017-05-11,34.4,31.0,42.0
2017-05-12,33.3,29.0,39.0
2017-05-13,32.1,29.0,38.0
2017-05-14,32.8,27.5,36.7
2017-05-15,33.7,29.0,42.0
2017-05-16,33.8,29.0,42.0
2017-05-17,33.9,28.0,41.0
2017-05-18,36.3,30.0,41.0
2017-05-19,36.3,33.0,42.0
2017-05-20,36.2,32.0,43.0
2017-05-21,37.1,34.0,42.0
2017-05-22,33.6,30.0,38.0
2017-05-23,33.6,29.0,38.0
2017-05-24,33.8,29.0,41.0
2017-05-25,35.4,31.0,40.0
2017-05-26,34.8,30.0,40.0
2017-05-27,34.9,28.0,41.0
2017-05-28,35.9,33.0,42.0
2017-05-29,37.9,30.9,43.3
2017-05-30,40.1,34.0,46.0
2017-05-31,38.3,33.0,43.0
2017-06-01,37.1,31.7,39.0
2017-06-02,36.1,33.0,41.0
2017-06-03,34.8,32.0,38.0
2017-06-04,34.9,29.0,37.0
2017-06-05,34.4,29.0,41.0
2017-06-06,34.4,27.0,38.1
2017-06-07,34.8,31.0,42.0
2017-06-08,36.1,31.0,42.0
2017-06-09,35.2,29.0,39.0
2017-06-10,35.8,30.0,40.0
2017-06-11,35.1,30.0,42.0
2017-06-12,39.5,31.0,45.0
2017-06-13,41.3,35.0,45.0
2017-06-14,36.1,30.0,42.0
2017-06-15,33.5,29.0,39.0
2017-06-16,36.8,30.0,42.0
2017-06-17,40.9,33.0,44.0
2017-06-18,42.5,38.0,48.0
2017-06-19,41.5,36.0,48.0
2017-06-20,39.9,34.0,42.0
2017-06-21,37.9,35.0,43.0
2017-06-22,35.8,32.0,39.0
2017-06-23,35.6,31.0,38.4
2017-06-24,35.2,31.0,39.0
2017-06-25,35.6,30.0,42.0
2017-06-26,37.1,32.0,43.0
2017-06-27,38.7,33.0,42.0
2017-06-28,38.0,33.0,46.0
2017-06-29,34.8,30.0,41.0
2017-06-30,35.0,30.0,42.0
2017-07-01,35.7,29.0,41.0
2017-07-02,37.7,33.0,45.0
2017-07-03,38.6,33.0,46.0
2017-07-04,37.2,33.0,45.0
2017-07-05,37.1,33.0,44.0
2017-07-06,37.7,33.0,43.0
2017-07-07,37.6,32.0,43.0
2017-07-08,35.3,31.0,38.1
2017-07-09,36.1,33.0,39.0
2017-07-10,36.1,32.0,41.0
2017-07-11,37.4,33.0,44.0
2017-07-12,37.7,34.0,44.0
2017-07-13,38.9,33.0,43.3
2017-07-14,37.4,33.0,46.0
2017-07-15,35.4,34.0,38.0
2017-07-16,36.1,34.0,39.0
2017-07-17,37.6,33.0,41.0
2017-07-18,38.1,34.0,46.0
2017-07-19,35.8,33.0,39.0
2017-07-20,35.9,33.0,40.0
2017-07-21,36.8,32.0,42.0
2017-07-22,37.3,32.0,44.0
2017-07-23,37.6,32.0,45.0
2017-07-24,37.4,32.0,46.0
2017-07-25,37.4,30.8,43.6
2017-07-26,37.8,35.0,43.0
2017-07-27,38.2,33.0,43.0
2017-07-28,35.9,31.0,40.0
2017-07-29,37.2,32.0,44.0
2017-07-30,37.1,32.7,41.9
2017-07-31,36.7,34.0,41.0
2017-08-01,36.8,33.0,41.0
2017-08-02,36.6,32.0,42.0
2017-08-03,36.9,34.0,42.0
2017-08-04,38.4,34.0,44.0
2017-08-05,38.1,35.0,43.0
2017-08-06,36.9,33.0,43.0
2017-08-07,37.4,33.0,44.0
2017-08-08,37.7,33.0,43.0
2017-08-09,37.4,31.0,42.0
2017-08-10,36.7,33.0,42.0
2017-08-11,36.2,34.0,39.0
2017-08-12,37.4,34.0,43.0
2017-08-13,38.0,33.0,45.0
2017-08-14,37.8,34.0,46.0
2017-08-15,36.6,35.0,39.0
2017-08-16,37.6,35.0,42.0
2017-08-17,37.4,34.0,43.0
2017-08-18,36.9,34.0,41.0
2017-08-19,37.3,34.0,44.0
2017-08-20,35.8,34.0,39.0
2017-08-21,37.0,34.0,40.0
2017-08-22,37.1,34.8,41.6
2017-08-23,36.1,34.0,39.0
2017-08-24,35.8,34.0,38.4
2017-08-25,35.6,33.0,41.0
2017-08-26,36.3,34.0,41.0
2017-08-27,35.8,33.0,39.0
2017-08-28,35.1,33.0,38.0
2017-08-29,35.8,33.0,40.0
2017-08-30,35.8,32.0,39.0
2017-08-31,35.9,31.0,42.0
2017-09-01,36.9,30.9,42.0
2017-09-02,36.6,32.0,40.0
2017-09-03,36.6,30.0,43.0
2017-09-04,35.3,30.0,38.0
2017-09-05,35.1,31.0,40.0
2017-09-06,35.8,32.0,44.0
2017-09-07,35.3,32.6,39.0
2017-09-08,35.7,32.0,39.0
2017-09-09,36.4,33.0,40.0
2017-09-10,35.1,33.0,40.0
2017-09-11,34.3,32.0,38.0
2017-09-12,35.5,32.0,41.0
2017-09-13,35.4,32.0,40.0
2017-09-14,36.6,33.0,45.0
2017-09-15,34.6,31.0,38.0
2017-09-16,34.9,31.0,38.0
2017-09-17,34.7,32.0,39.0
2017-09-18,34.6,30.0,38.0
2017-09-19,34.6,30.0,38.0
2017-09-20,33.7,30.0,35.0
2017-09-21,33.8,31.0,36.4
2017-09-22,34.4,29.0,37.0
2017-09-23,34.4,31.3,38.0
2017-09-24,33.9,29.5,36.0
2017-09-25,33.7,30.0,37.0
2017-09-26,34.6,28.9,38.0
2017-09-27,33.6,28.0,36.2
2017-09-28,34.7,27.0,40.0
2017-09-29,34.8,28.7,40.0
2017-09-30,33.5,29.0,36.0
2017-10-01,33.4,29.0,36.0
2017-10-02,33.6,28.0,35.5
2017-10-03,34.6,29.0,37.9
2017-10-04,34.5,29.7,38.0
2017-10-05,32.8,29.0,35.3
2017-10-06,32.3,29.0,34.1
2017-10-07,32.1,27.0,36.0
2017-10-08,32.1,28.0,38.0
2017-10-09,33.1,28.0,39.0
2017-10-10,34.2,29.0,41.0
2017-10-11,34.7,30.0,41.0
2017-10-12,32.9,30.0,37.0
2017-10-13,32.2,28.0,36.0
2017-10-14,32.4,29.0,36.0
2017-10-15,32.6,28.0,38.0
2017-10-16,31.7,25.9,36.0
2017-10-17,31.8,27.0,37.0
2017-10-18,32.6,26.0,37.0
2017-10-19,30.8,28.0,35.0
2017-10-20,31.9,28.0,35.0
2017-10-21,31.4,28.0,35.0
2017-10-22,30.9,26.0,38.0
2017-10-23,30.5,25.1,34.0
2017-10-24,30.3,26.0,35.0
2017-10-25,29.2,25.0,33.0
2017-10-26,29.7,26.0,34.0
2017-10-27,30.2,26.0,37.0
2017-10-28,30.3,27.1,33.5
2017-10-29,30.2,26.0,34.0
2017-10-30,29.9,25.0,34.0
2017-10-31,30.1,26.0,36.0
2017-11-01,29.2,24.0,33.0
2017-11-02,28.4,25.0,32.0
2017-11-03,29.3,25.0,31.0
2017-11-04,29.0,27.0,32.0
2017-11-05,29.1,25.0,32.0
2017-11-06,28.9,27.0,32.0
2017-11-07,28.7,25.0,32.0
2017-11-08,28.1,24.0,32.0
2017-11-09,27.9,24.0,34.0
2017-11-10,28.1,24.0,35.0
2017-11-11,27.7,22.0,32.2
2017-11-12,27.6,23.0,30.0
2017-11-13,26.2,24.0,30.0
2017-11-14,26.2,23.0,30.0
2017-11-15,25.9,21.0,28.4
2017-11-16,25.6,22.0,29.0
2017-11-17,25.6,22.0,29.0
2017-11-18,26.2,23.0,29.0
2017-11-19,26.5,23.0,30.0
2017-11-20,26.3,22.0,29.0
2017-11-21,26.3,23.0,29.0
2017-11-22,26.9,25.0,30.0
2017-11-23,24.6,23.0,28.0
2017-11-24,23.4,22.0,26.0
2017-11-25,23.1,21.0,27.0
2017-11-26,22.8,19.0,27.0
2017-11-27,24.2,20.0,29.0
2017-11-28,24.3,21.0,27.0
2017-11-29,24.2,21.0,29.0
2017-11-30,24.1,21.0,28.0
2017-12-01,24.8,22.0,29.0
2017-12-02,23.0,21.0,28.0
2017-12-03,22.1,19.0,26.0
2017-12-04,22.8,19.0,26.0
2017-12-05,22.4,20.0,26.0
2017-12-06,21.2,18.0,26.0
2017-12-07,21.8,18.0,27.0
2017-12-08,18.8,16.0,22.0
2017-12-09,18.0,15.0,21.0
2017-12-10,19.0,16.0,24.0
2017-12-11,18.8,16.0,24.0
2017-12-12,18.8,15.0,23.0
2017-12-13,19.6,16.0,24.0
2017-12-14,20.3,16.0,24.0
2017-12-15,20.3,16.9,23.1
2017-12-16,20.3,18.0,25.0
2017-12-17,19.2,17.0,22.0
2017-12-18,20.9,17.0,24.0
2017-12-19,20.7,18.0,25.0
2017-12-20,20.4,18.0,24.0
2017-12-21,20.3,17.0,25.0
2017-12-22,19.9,16.0,26.0
2017-12-23,21.6,16.0,29.0
2017-12-24,22.8,18.0,31.0
2017-12-25,22.6,18.0,30.0
2017-12-26,21.3,19.0,26.0
2017-12-27,19.6,18.0,23.0
2017-12-28,18.9,15.0,25.0
2017-12-29,20.7,17.0,24.0
2017-12-30,20.6,18.0,25.0
2017-12-31,19.2,15.0,24.0
2018-01-01,17.9,14.0,23.0
2018-01-02,19.4,15.0,24.0
2018-01-03,19.6,17.0,23.0
2018-01-04,19.2,16.0,24.0
2018-01-05,18.9,15.0,24.0
2018-01-06,21.1,16.0,28.0
2018-01-07,21.3,19.0,26.0
2018-01-08,18.7,16.0,22.0
2018-01-09,18.7,15.0,22.0
2018-01-10,19.4,15.0,24.0
2018-01-11,19.2,16.0,23.0
2018-01-12,18.8,16.0,24.0
2018-01-13,18.4,13.0,25.0
2018-01-14,18.6,13.0,26.0
2018-01-15,18.1,13.0,24.0
2018-01-16,19.4,17.0,24.0
2018-01-17,18.6,16.0,23.0
2018-01-18,17.9,12.0,21.5
2018-01-19,17.9,13.0,22.0
2018-01-20,19.8,16.0,26.0
2018-01-21,17.3,15.0,20.0
2018-01-22,17.4,14.0,22.0
2018-01-23,17.4,14.0,21.0
2018-01-24,18.5,13.0,22.0
2018-01-25,19.7,16.0,25.0
2018-01-26,20.7,16.0,26.0
2018-01-27,22.3,18.0,28.0
2018-01-28,18.5,16.0,21.0
2018-01-29,17.3,14.5,21.0
2018-01-30,17.3,15.0,21.0
2018-01-31,17.3,13.0,21.0
2018-02-01,17.9,15.0,22.0
2018-02-02,17.9,15.0,22.0
2018-02-03,17.8,15.0,23.0
2018-02-04,17.6,13.0,22.0
2018-02-05,17.6,13.0,24.0
2018-02-06,18.1,14.0,23.0
2018-02-07,19.3,15.0,26.0
2018-02-08,19.9,15.0,26.0
2018-02-09,20.7,16.0,27.0
2018-02-10,20.9,15.0,28.0
2018-02-11,21.7,18.0,30.0
2018-02-12,21.1,16.0,26.0
2018-02-13,22.4,19.0,27.0
2018-02-14,23.1,19.0,29.0
2018-02-15,20.8,19.0,24.0
2018-02-16,21.5,17.0,25.0
2018-02-17,22.9,19.0,27.0
2018-02-18,24.8,21.0,31.0
2018-02-19,21.5,20.0,25.0
2018-02-20,20.9,18.0,25.0
2018-02-21,20.8,18.0,24.0
2018-02-22,21.4,19.0,25.0
2018-02-23,22.8,19.0,25.0
2018-02-24,23.1,20.0,25.0
2018-02-25,20.8,18.0,25.0
2018-02-26,20.8,18.0,24.0
2018-02-27,21.3,20.0,23.0
2018-02-28,22.1,21.0,25.0
2018-03-01,22.6,20.0,24.0
2018-03-02,21.4,20.0,23.0
2018-03-03,22.4,18.0,26.0
2018-03-04,22.2,17.0,29.0
2018-03-05,22.9,18.0,29.0
2018-03-06,24.1,19.0,32.0
2018-03-07,26.7,21.0,36.0
2018-03-08,25.5,18.0,30.1
2018-03-09,24.5,18.3,34.7
2018-03-10,26.3,22.0,32.0
2018-03-11,26.2,22.0,36.0
2018-03-12,24.1,20.0,28.0
2018-03-13,25.1,22.0,29.0
2018-03-14,25.8,21.0,32.0
2018-03-15,26.6,21.0,33.0
2018-03-16,26.4,22.0,32.0
2018-03-17,28.2,23.0,36.0
2018-03-18,23.5,21.0,27.0
2018-03-19,23.6,20.0,29.0
2018-03-20,22.8,18.0,28.0
2018-03-21,24.9,19.0,30.0
2018-03-22,27.9,19.8,32.0
2018-03-23,25.2,21.0,31.0
2018-03-24,23.6,16.4,26.6
2018-03-25,25.7,21.0,30.0
2018-03-26,27.8,22.0,33.0
2018-03-27,29.6,20.8,36.4
2018-03-28,28.9,22.1,36.5
2018-03-29,27.4,22.0,34.0
2018-03-30,28.9,21.0,37.0
2018-03-31,26.4,24.0,31.0
2018-04-01,26.0,23.0,31.0
2018-04-02,26.4,22.0,28.0
2018-04-03,27.9,24.0,32.0
2018-04-04,27.7,24.0,32.0
2018-04-05,27.3,24.0,32.0
2018-04-06,27.6,24.0,30.0
2018-04-07,26.6,25.0,29.0
2018-04-08,26.9,23.0,30.0
2018-04-09,27.0,24.0,32.0
2018-04-10,28.5,24.0,35.0
2018-04-11,27.6,25.0,36.0
2018-04-12,28.1,25.0,36.0
2018-04-13,29.6,24.0,35.0
2018-04-14,27.9,25.0,32.0
2018-04-15,27.5,24.0,33.0
2018-04-16,26.9,24.0,30.0
2018-04-17,28.1,23.8,35.2
2018-04-18,26.9,24.0,32.0
2018-04-19,28.1,22.0,34.0
2018-04-20,27.9,22.0,35.0
2018-04-21,29.3,24.0,36.0
2018-04-22,30.7,25.0,41.0
2018-04-23,29.1,27.0,32.0
2018-04-24,28.0,26.0,32.0
2018-04-25,28.9,25.0,32.0
2018-04-26,29.7,26.0,36.0
2018-04-27,28.9,25.0,33.0
2018-04-28,30.5,26.0,37.0
2018-04-29,30.6,27.0,35.0
2018-04-30,30.1,27.0,34.0
2018-05-01,31.4,28.0,35.0
2018-05-02,31.7,27.0,35.0
2018-05-03,32.2,29.0,38.0
2018-05-04,31.4,27.0,37.0
2018-05-05,32.2,28.0,37.0
2018-05-06,34.1,29.0,38.0
2018-05-07,36.7,31.0,42.0
2018-05-08,34.7,30.0,39.0
2018-05-09,33.9,29.0,39.0
2018-05-10,30.0,28.0,33.0
2018-05-11,31.7,26.0,36.0
2018-05-12,37.3,29.0,45.0
2018-05-13,33.7,30.0,37.0
2018-05-14,31.3,28.0,35.0
2018-05-15,31.7,29.0,35.0
2018-05-16,32.2,28.0,36.0
2018-05-17,31.9,28.0,36.0
2018-05-18,32.4,30.0,36.0
2018-05-19,32.2,28.0,37.0
2018-05-20,31.9,25.0,36.0
2018-05-21,31.2,26.0,37.0
2018-05-22,32.2,26.0,39.0
2018-05-23,33.4,28.0,39.0
2018-05-24,32.8,28.0,38.0
2018-05-25,32.7,28.0,39.0
2018-05-26,32.8,27.0,39.0
2018-05-27,33.0,30.0,36.0
2018-05-28,33.4,29.0,38.0
2018-05-29,34.3,29.0,40.0
2018-05-30,34.4,30.0,41.0
2018-05-31,35.9,31.0,41.0
2018-06-01,36.4,30.0,42.0
2018-06-02,37.3,30.0,40.0
2018-06-03,37.1,33.0,43.0
2018-06-04,35.7,32.0,43.0
2018-06-05,36.1,29.7,40.0
2018-06-06,36.4,32.0,44.0
2018-06-07,37.9,31.0,46.0
2018-06-08,40.3,35.0,47.0
2018-06-09,41.6,35.0,46.0
2018-06-10,40.2,36.0,47.0
2018-06-11,39.2,35.0,44.0
2018-06-12,39.5,35.0,44.0
2018-06-13,38.8,33.0,44.0
2018-06-14,37.7,34.0,44.0
2018-06-15,38.7,33.0,43.0
2018-06-16,38.5,35.0,42.0
2018-06-17,37.5,34.0,42.0
2018-06-18,34.4,31.0,39.0
2018-06-19,37.1,31.0,41.0
2018-06-20,36.7,33.0,41.0
2018-06-21,37.4,33.0,42.0
2018-06-22,36.9,34.0,41.0
2018-06-23,36.3,33.0,41.0
2018-06-24,35.9,32.0,42.0
2018-06-25,36.1,30.0,44.0
2018-06-26,36.7,32.0,46.0
2018-06-27,36.6,30.0,45.0
2018-06-28,36.4,34.0,40.0
2018-06-29,35.3,31.0,41.0
2018-06-30,34.6,31.0,40.0
2018-07-01,35.1,31.0,41.0
2018-07-02,36.2,32.0,41.0
2018-07-03,36.5,33.0,42.0
2018-07-04,37.0,31.0,42.0
2018-07-05,35.8,31.0,41.0
2018-07-06,35.0,31.0,38.0
2018-07-07,36.2,33.0,40.0
2018-07-08,38.8,33.0,44.0
2018-07-09,40.7,36.0,45.0
2018-07-10,36.2,32.0,41.0
2018-07-11,36.2,32.0,42.0
2018-07-12,38.1,33.0,43.0
2018-07-13,38.6,33.0,44.0
2018-07-14,38.2,32.0,42.0
2018-07-15,40.6,36.0,45.0
2018-07-16,40.7,35.0,46.0
2018-07-17,39.2,35.0,45.0
2018-07-18,38.9,35.0,44.0
2018-07-19,38.2,33.0,45.0
2018-07-20,37.7,34.0,44.0
2018-07-21,35.8,33.0,39.0
2018-07-22,37.7,31.7,42.0
2018-07-23,39.3,35.0,43.0
2018-07-24,38.4,34.0,45.0
2018-07-25,40.1,35.0,46.0
2018-07-26,39.8,36.0,47.0
2018-07-27,36.6,33.0,43.0
2018-07-28,35.1,32.0,39.0
2018-07-29,34.6,31.0,38.0
2018-07-30,36.5,32.0,42.0
2018-07-31,37.6,34.0,42.0
2018-08-01,38.7,35.0,42.0
2018-08-02,37.2,34.0,42.0
2018-08-03,36.2,32.0,42.0
2018-08-04,37.2,32.0,46.0
2018-08-05,38.6,33.0,46.0
2018-08-06,40.7,34.0,47.0
2018-08-07,40.6,36.0,46.0
2018-08-08,35.7,33.0,39.0
2018-08-09,34.8,32.0,38.0
2018-08-10,34.4,34.0,37.7
2018-08-11,34.9,32.0,38.0
2018-08-12,39.3,33.0,46.0
2018-08-13,39.7,35.0,46.0
2018-08-14,38.1,35.0,44.0
2018-08-15,37.8,33.0,43.0
2018-08-16,38.2,32.0,44.0
2018-08-17,37.6,34.0,44.0
2018-08-18,36.1,33.0,40.0
2018-08-19,36.7,30.0,42.0
2018-08-20,37.7,33.0,44.0
2018-08-21,35.8,32.0,41.0
2018-08-22,35.6,31.0,42.0
2018-08-23,35.8,31.0,40.0
2018-08-24,35.7,33.0,39.0
2018-08-25,36.6,33.0,43.0
2018-08-26,36.3,32.0,43.0
2018-08-27,35.1,31.0,40.0
2018-08-28,35.6,32.0,42.0
2018-08-29,35.1,33.0,38.0
2018-08-30,35.6,32.0,41.0
2018-08-31,36.9,33.0,45.0
2018-09-01,35.6,33.0,40.0
2018-09-02,34.9,32.0,38.0
2018-09-03,34.8,31.0,38.0
2018-09-04,35.0,33.0,38.0
2018-09-05,34.3,32.0,37.0
2018-09-06,35.4,31.0,41.0
2018-09-07,35.2,32.0,40.0
2018-09-08,37.4,31.0,43.0
2018-09-09,35.1,33.0,39.0
2018-09-10,34.7,31.0,39.0
2018-09-11,35.3,32.0,40.0
2018-09-12,35.4,32.0,39.0
2018-09-13,36.3,31.0,44.0
2018-09-14,35.6,31.0,41.0
2018-09-15,34.9,31.0,41.0
2018-09-16,34.9,32.0,38.0
2018-09-17,34.6,31.0,40.0
2018-09-18,34.5,32.0,37.0
2018-09-19,36.3,32.0,44.0
2018-09-20,35.6,33.0,41.7
2018-09-21,34.1,31.0,37.0
2018-09-22,34.1,32.0,37.2
2018-09-23,34.1,31.0,37.7
2018-09-24,35.1,31.8,39.0
2018-09-25,35.6,32.0,40.0
2018-09-26,35.6,31.7,42.0
2018-09-27,33.5,31.0,37.1
2018-09-28,34.0,30.0,39.0
2018-09-29,34.1,30.0,40.0
2018-09-30,34.9,31.0,40.2
2018-10-01,33.8,30.0,39.0
2018-10-02,33.4,31.0,37.0
2018-10-03,33.9,30.0,38.0
2018-10-04,33.6,30.0,41.0
2018-10-05,33.4,30.0,37.4
2018-10-06,33.2,30.0,37.4
2018-10-07,32.3,29.6,35.2
2018-10-08,33.2,30.0,37.0
2018-10-09,33.1,28.8,38.0
2018-10-10,32.1,29.8,35.1
2018-10-11,33.0,30.0,36.2
2018-10-12,32.7,31.0,36.6
2018-10-13,32.8,29.5,36.0
2018-10-14,31.8,27.9,35.0
2018-10-15,32.6,29.0,38.0
2018-10-16,31.7,29.0,36.0
2018-10-17,30.6,28.0,33.4
2018-10-18,30.8,29.0,33.8
2018-10-19,30.7,28.8,33.5
2018-10-20,27.7,23.0,33.5
2018-10-21,29.3,22.3,34.3
2018-10-22,29.4,27.0,34.0
2018-10-23,30.4,26.0,33.4
2018-10-24,30.6,27.7,34.4
2018-10-25,30.9,29.0,35.0
2018-10-26,30.1,27.6,33.0
2018-10-27,29.1,25.0,32.5
2018-10-28,27.7,22.9,31.3
2018-10-29,27.3,26.0,30.3
2018-10-30,26.4,24.8,30.0
2018-10-31,25.9,22.9,29.1
2018-11-01,27.8,24.0,31.6
2018-11-02,28.8,25.6,31.7
2018-11-03,29.1,27.5,31.0
2018-11-04,28.5,27.0,31.8
2018-11-05,28.3,27.0,31.3
2018-11-06,28.0,26.0,30.7
2018-11-07,28.1,26.0,32.2
2018-11-08,27.6,25.0,31.0
2018-11-09,27.8,26.0,31.4
2018-11-10,26.8,25.0,29.6
2018-11-11,26.0,22.0,29.7
2018-11-12,25.6,20.6,28.0
2018-11-13,25.6,24.0,27.9
2018-11-14,26.3,22.0,29.7
2018-11-15,27.8,25.9,30.7
2018-11-16,28.2,26.0,33.3
2018-11-17,26.6,24.0,30.0
2018-11-18,24.7,23.0,28.6
2018-11-19,24.5,22.0,29.0
2018-11-20,23.3,22.0,26.4
2018-11-21,22.8,21.0,27.0
2018-11-22,22.8,20.0,26.6
2018-11-23,23.7,19.8,26.9
2018-11-24,26.1,23.4,28.8
2018-11-25,24.6,21.0,32.5
2018-11-26,22.8,21.0,26.0
2018-11-27,22.0,19.9,25.2
2018-11-28,22.2,19.0,26.1
2018-11-29,22.2,19.0,25.8
2018-11-30,23.2,18.9,27.0
2018-12-01,24.4,20.0,28.7
2018-12-02,24.0,21.0,27.8
2018-12-03,23.7,20.0,27.6
2018-12-04,24.0,21.9,27.8
2018-12-05,23.5,22.0,27.0
2018-12-06,24.3,20.8,28.0
2018-12-07,23.7,22.0,27.4
2018-12-08,22.9,21.0,25.4
2018-12-09,23.2,20.0,26.4
2018-12-10,23.5,20.0,26.7
2018-12-11,23.3,22.0,26.1
2018-12-12,22.2,20.0,26.0
2018-12-13,22.1,19.0,25.7
2018-12-14,22.4,20.0,25.7
2018-12-15,22.7,20.0,26.3
2018-12-16,21.9,20.0,25.3
2018-12-17,21.7,19.0,25.1
2018-12-18,22.1,18.7,26.2
2018-12-19,21.8,18.9,25.9
2018-12-20,20.9,19.0,24.0
2018-12-21,21.9,18.8,26.0
2018-12-22,20.7,18.0,24.1
2018-12-23,18.9,17.0,22.0
2018-12-24,19.3,16.0,23.0
2018-12-25,19.4,16.0,24.0
2018-12-26,19.1,15.0,23.0
2018-12-27,18.9,16.7,22.5
2018-12-28,19.8,16.5,23.6
2018-12-29,20.8,18.0,25.0
2018-12-30,20.7,18.0,23.4
2018-12-31,21.8,18.0,25.3
2019-01-01,21.5,18.5,24.3
2019-01-02,21.8,18.9,25.1
2019-01-03,22.9,20.0,28.5
2019-01-04,21.4,19.0,25.1
2019-01-05,20.0,17.0,25.0
2019-01-06,19.9,15.8,25.0
2019-01-07,20.9,17.7,25.4
2019-01-08,21.6,17.7,26.0
2019-01-09,22.8,18.0,28.7
2019-01-10,19.8,17.0,23.5
2019-01-11,17.7,16.0,21.2
2019-01-12,17.9,14.9,22.2
2019-01-13,18.8,16.0,22.2
2019-01-14,20.9,18.0,24.2
2019-01-15,21.8,19.4,25.4
2019-01-16,22.2,19.0,26.3
2019-01-17,21.6,18.0,28.9
2019-01-18,17.7,16.0,22.0
2019-01-19,16.7,15.0,20.0
2019-01-20,15.9,13.8,20.0
2019-01-21,16.4,13.0,21.1
2019-01-22,18.1,13.9,22.4
2019-01-23,18.3,14.0,24.2
2019-01-24,19.4,16.0,24.1
2019-01-25,19.8,17.0,23.6
2019-01-26,22.1,17.0,30.4
2019-01-27,22.8,19.0,29.7
2019-01-28,22.1,19.0,25.8
2019-01-29,21.8,19.0,28.3
2019-01-30,19.7,18.0,22.7
2019-01-31,20.6,17.5,25.2
2019-02-01,21.1,17.2,26.1
2019-02-02,22.1,18.0,26.8
2019-02-03,21.1,19.0,23.4
2019-02-04,18.6,17.0,22.9
2019-02-05,18.3,14.8,22.4
2019-02-06,19.1,15.9,23.0
2019-02-07,18.8,14.8,23.1
2019-02-08,18.6,14.9,21.0
2019-02-09,20.3,17.0,24.0
2019-02-10,21.6,19.9,24.0
2019-02-11,21.7,21.0,25.0
2019-02-12,18.3,16.6,22.3
2019-02-13,18.2,15.0,22.7
2019-02-14,18.3,14.8,21.3
2019-02-15,20.5,17.5,22.4
2019-02-16,23.7,19.8,29.3
2019-02-17,19.4,16.0,24.8
2019-02-18,19.0,16.0,23.0
2019-02-19,19.0,17.0,23.5
2019-02-20,18.2,16.0,22.4
2019-02-21,18.1,14.0,22.6
2019-02-22,19.0,16.9,22.0
2019-02-23,19.4,16.8,22.0
2019-02-24,21.3,17.7,25.3
2019-02-25,21.6,19.0,26.5
2019-02-26,20.8,18.0,25.4
2019-02-27,20.1,15.0,23.0
2019-02-28,21.5,19.3,24.1
2019-03-01,21.1,19.0,25.0
2019-03-02,17.8,15.0,22.0
2019-03-03,18.5,15.0,22.0
2019-03-04,19.7,15.0,24.0
2019-03-05,21.1,14.8,26.2
2019-03-06,19.8,16.0,23.0
2019-03-07,20.6,18.0,25.0
2019-03-08,20.6,16.0,26.0
2019-03-09,19.2,16.0,24.0
2019-03-10,19.6,15.0,25.0
2019-03-11,20.1,15.0,26.0
2019-03-12,21.1,16.0,28.0
2019-03-13,20.2,17.0,25.5
2019-03-14,21.1,17.3,24.5
2019-03-15,22.1,21.0,24.0
2019-03-16,22.7,20.0,25.4
2019-03-17,23.5,21.0,29.2
2019-03-18,22.3,19.0,26.5
2019-03-19,21.7,19.0,26.6
2019-03-20,21.8,18.0,26.5
2019-03-21,21.7,18.0,26.0
2019-03-22,23.3,21.0,27.1
2019-03-23,23.0,21.9,25.8
2019-03-24,23.4,21.0,27.0
2019-03-25,24.1,22.4,28.7
2019-03-26,24.4,23.0,28.6
2019-03-27,23.1,20.0,27.2
2019-03-28,22.7,19.9,27.0
2019-03-29,23.9,20.0,28.0
2019-03-30,23.9,21.0,29.0
2019-03-31,25.4,22.9,27.4
2019-04-01,27.8,24.0,35.9
2019-04-02,22.6,21.0,26.3
2019-04-03,23.6,20.0,27.2
2019-04-04,26.2,22.2,30.7
2019-04-05,28.1,24.0,35.8
2019-04-06,27.5,24.9,31.2
2019-04-07,28.4,23.7,36.1
2019-04-08,27.3,25.0,32.6
2019-04-09,27.0,22.6,33.3
2019-04-10,26.1,23.9,31.5
2019-04-11,27.7,24.3,33.8
2019-04-12,27.7,24.5,32.8
2019-04-13,22.3,20.0,26.6
2019-04-14,25.2,20.0,30.0
2019-04-15,27.4,22.0,34.0
2019-04-16,28.9,22.7,36.0
2019-04-17,29.4,24.0,38.0
2019-04-18,29.1,25.0,35.8
2019-04-19,30.4,26.0,37.0
2019-04-20,28.6,25.0,34.1
2019-04-21,27.9,25.0,31.8
2019-04-22,27.3,23.0,34.2
2019-04-23,24.1,22.0,28.0
2019-04-24,24.1,21.0,28.7
2019-04-25,24.7,21.0,29.5
2019-04-26,25.4,21.0,28.9
2019-04-27,26.6,23.0,30.1
2019-04-28,26.8,24.0,31.9
2019-04-29,27.2,23.8,30.9
2019-04-30,29.4,25.0,33.2
2019-05-01,32.3,27.8,38.0
2019-05-02,32.7,29.0,36.8
2019-05-03,32.4,28.0,38.0
2019-05-04,30.6,27.0,34.4
2019-05-05,32.3,26.7,39.4
2019-05-06,33.2,27.8,39.6
2019-05-07,33.8,29.9,38.8
2019-05-08,33.1,29.0,39.3
2019-05-09,32.4,28.0,41.4
2019-05-10,32.2,28.0,37.4
2019-05-11,32.9,28.9,37.7
2019-05-12,33.4,30.0,39.2
2019-05-13,33.9,30.0,38.4
2019-05-14,33.5,30.0,41.1
2019-05-15,33.5,30.0,40.1
2019-05-16,31.2,26.0,38.3
2019-05-17,31.9,28.0,38.6
2019-05-18,32.1,29.0,38.0
2019-05-19,29.8,27.0,33.2
2019-05-20,29.8,28.0,34.6
2019-05-21,31.0,28.0,34.0
2019-05-22,33.2,30.0,40.0
2019-05-23,34.3,30.0,42.0
2019-05-24,33.0,29.0,40.0
2019-05-25,31.9,28.0,37.0
2019-05-26,32.7,28.0,38.4
2019-05-27,34.2,29.0,39.0
2019-05-28,35.4,29.0,42.5
2019-05-29,36.7,29.0,45.1
2019-05-30,36.2,32.9,44.1
2019-05-31,36.5,32.0,42.6
2019-06-01,36.7,31.8,46.0
2019-06-02,35.3,31.0,42.6
2019-06-03,33.6,30.0,39.0
2019-06-04,33.5,27.9,41.0
2019-06-05,35.3,30.6,40.8
2019-06-06,36.7,30.8,44.3
2019-06-07,37.9,34.0,44.0
2019-06-08,37.9,31.6,45.1
2019-06-09,38.1,31.9,46.0
2019-06-10,36.2,31.6,44.7
2019-06-11,37.9,30.0,46.6
2019-06-12,37.4,32.7,43.5
2019-06-13,39.2,35.0,44.7
2019-06-14,40.8,36.0,45.0
2019-06-15,38.3,32.0,45.3
2019-06-16,37.4,32.0,44.0
2019-06-17,41.9,34.3,48.6
2019-06-18,41.1,38.9,45.6
2019-06-19,38.6,35.9,43.5
2019-06-20,37.1,34.0,42.0
2019-06-21,36.6,32.0,42.5
2019-06-22,33.3,32.0,36.9
2019-06-23,34.8,30.0,42.0
2019-06-24,38.6,32.0,45.2
2019-06-25,37.8,33.0,45.9
2019-06-26,35.8,32.0,42.0
2019-06-27,37.0,31.5,42.6
2019-06-28,38.1,33.5,43.4
2019-06-29,39.2,35.0,44.1
2019-06-30,40.4,34.7,47.0
2019-07-01,40.2,34.1,46.0
2019-07-02,38.8,33.0,44.0
2019-07-03,33.9,32.0,36.9
2019-07-04,35.9,31.0,39.4
2019-07-05,38.9,35.6,43.5
2019-07-06,40.4,35.8,46.0
2019-07-07,40.7,36.0,48.0
2019-07-08,39.2,32.0,44.0
2019-07-09,40.9,37.0,46.0
2019-07-10,39.3,35.0,45.0
2019-07-11,38.0,34.0,46.0
2019-07-12,38.1,33.0,46.1
2019-07-13,36.4,33.0,41.6
2019-07-14,37.3,34.0,41.1
2019-07-15,38.7,33.0,43.5
2019-07-16,39.7,33.9,45.0
2019-07-17,37.1,35.0,41.0
2019-07-18,35.9,32.0,40.4
2019-07-19,34.9,30.3,40.6
2019-07-20,34.1,31.0,38.3
2019-07-21,34.6,31.0,38.1
2019-07-22,35.1,31.0,41.0
2019-07-23,34.4,32.0,36.5
2019-07-24,34.8,32.0,38.0
2019-07-25,35.4,33.0,39.1
2019-07-26,38.1,34.4,42.7
2019-07-27,38.5,34.0,45.0
2019-07-28,35.1,32.0,37.7
2019-07-29,36.2,33.0,40.6
2019-07-30,36.8,33.0,43.0
2019-07-31,36.7,33.0,43.0
2019-08-01,38.8,33.0,45.1
2019-08-02,38.1,34.0,47.1
2019-08-03,36.2,32.9,39.9
2019-08-04,38.0,33.0,43.7
2019-08-05,39.6,34.0,44.5
2019-08-06,40.0,36.0,45.0
2019-08-07,40.3,36.0,46.0
2019-08-08,38.9,35.8,44.0
2019-08-09,35.9,33.0,40.3
2019-08-10,36.9,33.0,41.8
2019-08-11,39.1,33.1,44.2
2019-08-12,38.2,33.0,45.4
2019-08-13,35.0,32.0,38.4
2019-08-14,34.9,31.8,40.3
2019-08-15,35.3,31.9,40.0
2019-08-16,36.3,32.0,40.6
2019-08-17,37.2,34.0,43.5
2019-08-18,35.8,33.0,41.2
2019-08-19,34.8,32.0,38.9
2019-08-20,35.5,33.0,39.0
2019-08-21,35.9,32.0,42.6
2019-08-22,35.2,33.0,38.0
2019-08-23,34.6,32.1,37.2
2019-08-24,34.9,32.3,39.0
2019-08-25,36.4,32.0,42.8
2019-08-26,35.9,32.0,43.0
2019-08-27,35.4,32.0,40.0
2019-08-28,35.8,32.0,42.0
2019-08-29,36.1,31.0,41.8
2019-08-30,36.4,31.6,42.0
2019-08-31,36.9,33.0,43.0
2019-09-01,37.6,34.0,44.0
2019-09-02,35.4,33.0,39.0
2019-09-03,34.2,31.7,39.5
2019-09-04,37.2,33.0,42.0
2019-09-05,35.9,33.0,40.0
2019-09-06,35.1,30.7,40.0
2019-09-07,38.6,32.0,43.2
2019-09-08,37.4,34.0,41.3
2019-09-09,36.3,31.9,42.0
2019-09-10,34.6,32.0,38.0
2019-09-11,35.1,32.0,38.6
2019-09-12,35.2,32.3,40.3
2019-09-13,35.9,32.0,40.3
2019-09-14,34.7,31.1,40.2
2019-09-15,33.2,29.5,36.3
2019-09-16,34.1,30.4,38.1
2019-09-17,33.9,29.8,39.3
2019-09-18,34.4,29.0,41.0
2019-09-19,34.2,30.2,38.6
2019-09-20,33.7,30.6,37.9
2019-09-21,33.9,30.9,40.0
2019-09-22,34.2,30.6,38.2
2019-09-23,35.0,31.3,41.5
2019-09-24,33.9,29.9,37.3
2019-09-25,34.1,31.7,37.4
2019-09-26,34.3,31.7,36.9
2019-09-27,34.3,31.8,36.7
2019-09-28,34.4,31.9,37.8
2019-09-29,34.8,31.1,42.1
2019-09-30,34.7,30.5,42.2
2019-10-01,35.0,30.4,43.1
2019-10-02,34.6,30.8,40.7
2019-10-03,34.6,31.7,40.7
2019-10-04,33.5,31.2,35.6
2019-10-05,33.4,32.0,36.0
2019-10-06,32.5,29.8,35.1
2019-10-07,33.7,31.6,36.0
2019-10-08,33.4,32.0,36.0
2019-10-09,32.4,30.0,36.0
2019-10-10,33.7,30.0,39.0
2019-10-11,32.9,30.0,38.0
2019-10-12,32.2,30.0,35.0
2019-10-13,33.0,30.0,35.8
2019-10-14,32.4,29.7,36.2
2019-10-15,32.1,30.2,34.8
2019-10-16,31.4,28.7,34.9
2019-10-17,31.9,28.9,36.2
2019-10-18,31.8,28.9,35.5
2019-10-19,31.2,28.7,34.1
2019-10-20,31.4,28.8,34.3
2019-10-21,31.4,28.6,35.7
2019-10-22,31.6,28.4,38.1
2019-10-23,31.8,28.7,36.2
2019-10-24,31.2,29.0,34.3
2019-10-25,31.3,27.6,34.8
2019-10-26,31.9,28.9,38.5
2019-10-27,32.2,29.7,35.1
2019-10-28,31.4,29.2,34.2
2019-10-29,31.6,29.1,34.1
2019-10-30,31.4,28.5,36.3
2019-10-31,31.2,27.9,35.5
2019-11-01,29.8,27.7,33.2
2019-11-02,28.6,26.3,32.2
2019-11-03,28.9,26.7,32.5
2019-11-04,29.6,26.9,32.5
2019-11-05,29.5,26.0,33.9
2019-11-06,29.1,27.0,33.5
2019-11-07,27.6,24.3,31.2
2019-11-08,27.7,24.7,30.3
2019-11-09,28.0,25.0,32.0
2019-11-10,25.1,20.4,30.2
2019-11-11,27.0,20.2,30.2
2019-11-12,26.8,22.8,30.1
2019-11-13,26.6,23.8,30.5
2019-11-14,26.2,22.8,29.7
2019-11-15,26.1,21.6,29.5
2019-11-16,26.2,24.0,30.1
2019-11-17,27.6,24.6,29.5
2019-11-18,27.9,27.1,30.2
2019-11-19,25.1,22.9,28.5
2019-11-20,21.7,19.9,24.4
2019-11-21,20.9,18.8,23.5
2019-11-22,22.2,18.7,25.3
2019-11-23,23.1,20.6,25.6
2019-11-24,23.6,20.5,26.1
2019-11-25,23.7,21.7,26.5
2019-11-26,24.3,21.7,27.1
2019-11-27,24.2,22.0,27.1
2019-11-28,24.1,22.1,27.0
2019-11-29,24.4,21.5,27.8
2019-11-30,24.7,21.8,28.7
2019-12-01,24.1,21.5,29.2
2019-12-02,23.9,19.9,29.2
2019-12-03,24.5,19.7,29.2
2019-12-04,23.1,20.9,26.7
2019-12-05,22.6,19.5,25.9
2019-12-06,22.5,19.7,25.7
2019-12-07,23.0,19.7,27.1
2019-12-08,23.8,19.9,28.0
2019-12-09,23.8,21.5,26.0
2019-12-10,23.8,22.7,25.3
2019-12-11,23.7,21.9,26.2
2019-12-12,22.4,20.5,25.8
2019-12-13,22.2,17.9,24.5
2019-12-14,23.8,21.5,26.4
2019-12-15,22.9,20.7,24.9
2019-12-16,23.6,20.8,24.1
2019-12-17,22.9,21.1,26.8
2019-12-18,19.1,19.0,21.5
2019-12-19,19.4,17.5,22.1
2019-12-20,19.9,16.8,23.8
2019-12-21,20.2,17.5,23.6
2019-12-22,20.4,18.0,23.7
2019-12-23,19.9,18.2,23.0
2019-12-24,20.0,17.4,23.1
2019-12-25,20.5,17.5,23.8
2019-12-26,20.4,17.0,24.5
2019-12-27,20.3,16.3,25.3
2019-12-28,20.3,16.4,25.3
2019-12-29,21.3,16.8,26.4
2019-12-30,21.8,17.7,27.2
2019-12-31,22.2,17.3,27.7
2020-01-01,21.3,17.9,25.7
2020-01-02,21.2,18.8,23.2
2020-01-03,22.6,19.6,25.6
2020-01-04,24.3,20.6,30.1
2020-01-05,19.7,16.9,23.3
2020-01-06,19.5,16.3,22.8
2020-01-07,19.1,15.8,22.8
2020-01-08,19.7,15.5,23.7
2020-01-09,19.7,16.6,22.3
2020-01-10,20.2,19.0,21.6
2020-01-11,17.6,16.2,20.7
2020-01-12,16.3,13.9,19.0
2020-01-13,16.7,12.9,20.5
2020-01-14,16.4,12.2,21.1
2020-01-15,18.1,14.5,21.9
2020-01-16,18.4,15.0,21.5
2020-01-17,18.4,15.1,22.0
2020-01-18,19.2,15.7,23.0
2020-01-19,20.1,16.0,24.3
2020-01-20,20.1,16.6,23.8
2020-01-21,19.3,17.0,22.7
2020-01-22,19.7,14.8,22.9
2020-01-23,17.2,15.0,20.4
2020-01-24,17.1,14.7,20.2
2020-01-25,17.5,12.7,22.0
2020-01-26,15.1,12.8,17.2
2020-01-27,16.0,14.0,19.2
2020-01-28,16.8,12.9,21.1
2020-01-29,16.7,13.5,20.6
2020-01-30,17.6,13.9,22.8
2020-01-31,17.1,13.2,22.0
2020-02-01,17.9,13.8,22.0
2020-02-02,18.5,15.9,22.9
2020-02-03,18.1,15.5,22.0
2020-02-04,17.7,14.5,21.8
2020-02-05,18.4,14.8,22.5
2020-02-06,20.2,15.6,25.2
2020-02-07,21.1,16.5,25.8
2020-02-08,21.4,16.9,24.4
2020-02-09,23.5,19.3,29.7
2020-02-10,20.0,18.6,22.0
2020-02-11,16.2,14.5,19.1
2020-02-12,13.1,11.0,16.2
2020-02-13,15.2,10.4,20.4
2020-02-14,17.4,13.1,22.2
2020-02-15,19.6,13.6,25.1
2020-02-16,17.9,13.7,22.3
2020-02-17,20.2,15.7,24.2
2020-02-18,21.8,17.8,26.1
2020-02-19,21.4,17.5,25.0
2020-02-20,22.8,18.4,27.5
2020-02-21,20.8,18.7,25.2
2020-02-22,20.2,16.9,23.5
2020-02-23,21.7,18.4,24.9
2020-02-24,23.4,19.9,27.1
2020-02-25,24.2,21.0,26.8
2020-02-26,22.1,18.9,25.7
2020-02-27,19.8,16.7,23.8
2020-02-28,20.3,16.5,25.0
2020-02-29,19.8,15.5,26.0
2020-03-01,20.7,16.8,24.0
2020-03-02,21.0,18.7,24.6
2020-03-03,20.6,17.7,25.0
2020-03-04,20.2,17.0,24.2
2020-03-05,20.8,16.5,25.1
2020-03-06,20.3,15.6,25.5
2020-03-07,21.1,14.2,26.2
2020-03-08,22.6,18.0,27.0
2020-03-09,21.9,19.0,25.0
2020-03-10,21.6,19.2,26.8
2020-03-11,21.0,15.6,25.8
2020-03-12,21.4,15.9,25.0
2020-03-13,21.5,17.0,26.5
2020-03-14,23.4,21.0,27.0
2020-03-15,24.8,21.6,28.8
2020-03-16,24.4,20.6,27.2
2020-03-17,23.8,20.5,26.2
2020-03-18,24.9,22.0,29.0
2020-03-19,25.6,23.0,31.1
2020-03-20,24.4,20.7,28.0
2020-03-21,24.2,22.6,27.0
2020-03-22,23.8,20.0,32.0
2020-03-23,21.6,19.0,25.1
2020-03-24,21.6,16.9,26.9
2020-03-25,22.4,18.0,28.1
2020-03-26,22.5,19.0,25.0
2020-03-27,24.3,21.3,26.4
2020-03-28,25.6,23.3,28.8
2020-03-29,26.1,23.0,31.5
2020-03-30,24.5,21.8,29.3
2020-03-31,25.2,19.0,30.1
2020-04-01,26.1,22.0,33.0
2020-04-02,25.4,21.0,30.4
2020-04-03,26.0,22.7,31.5
2020-04-04,26.6,22.7,32.0
2020-04-05,28.6,24.9,33.6
2020-04-06,28.7,23.5,33.4
2020-04-07,28.1,22.0,36.0
2020-04-08,29.4,23.0,38.0
2020-04-09,29.8,26.8,36.6
2020-04-10,32.9,27.2,41.4
2020-04-11,32.2,28.5,38.2
2020-04-12,27.6,26.0,30.3
2020-04-13,23.3,21.0,26.3
2020-04-14,24.5,20.9,28.0
2020-04-15,22.1,17.4,24.0
2020-04-16,23.7,22.0,25.0
2020-04-17,25.0,20.4,29.8
2020-04-18,25.1,21.8,27.2
2020-04-19,25.8,23.5,28.5
2020-04-20,26.6,24.8,28.0
2020-04-21,26.6,25.0,30.3
2020-04-22,26.5,23.5,30.0
2020-04-23,27.4,24.9,30.7
2020-04-24,29.8,25.0,37.3
2020-04-25,32.3,25.7,39.5
2020-04-26,33.3,29.3,37.2
2020-04-27,30.1,27.0,33.8
2020-04-28,28.8,25.8,33.7
2020-04-29,30.7,25.9,38.2
2020-04-30,32.2,28.0,39.3
2020-05-01,28.4,26.0,31.5
2020-05-02,28.7,25.9,31.2
2020-05-03,29.8,28.0,33.5
2020-05-04,30.8,26.0,36.6
2020-05-05,29.6,23.0,36.0
2020-05-06,29.8,24.9,34.7
2020-05-07,31.2,28.0,35.8
2020-05-08,31.6,27.3,36.2
2020-05-09,32.1,27.9,36.3
2020-05-10,34.1,28.9,40.4
2020-05-11,33.1,29.8,37.2
2020-05-12,32.4,29.3,37.1
2020-05-13,31.7,28.9,36.4
2020-05-14,30.8,27.0,38.2
2020-05-15,29.5,23.4,36.1
2020-05-16,30.3,24.5,38.4
2020-05-17,32.1,25.0,39.0
2020-05-18,32.6,26.5,41.0
2020-05-19,32.5,26.9,42.5
2020-05-20,33.2,27.0,41.6
2020-05-21,32.9,27.6,37.9
2020-05-22,32.8,27.7,39.0
2020-05-23,33.6,27.6,40.4
2020-05-24,32.6,27.6,39.0
2020-05-25,32.1,27.7,37.0
2020-05-26,32.4,28.5,39.5
2020-05-27,32.4,28.7,38.4
2020-05-28,32.9,28.7,39.4
2020-05-29,34.4,30.0,40.0
2020-05-30,34.7,28.7,42.8
2020-05-31,34.3,30.0,42.9
2020-06-01,34.8,29.2,44.8
2020-06-02,35.5,29.8,47.4
2020-06-03,38.4,31.6,47.1
2020-06-04,40.3,33.7,47.7
2020-06-05,38.6,34.9,44.3
2020-06-06,39.1,33.5,45.0
2020-06-07,39.8,34.7,44.3
2020-06-08,38.7,34.0,45.5
2020-06-09,34.1,30.0,39.4
2020-06-10,33.8,27.5,39.6
2020-06-11,36.0,30.2,45.4
2020-06-12,39.3,30.4,47.0
2020-06-13,37.6,34.7,42.3
2020-06-14,37.1,33.0,43.1
2020-06-15,39.3,32.8,45.5
2020-06-16,41.8,35.9,48.0
2020-06-17,40.3,37.0,46.6
2020-06-18,37.9,34.0,42.1
2020-06-19,34.4,30.0,41.0
2020-06-20,33.2,27.0,38.8
2020-06-21,36.4,30.4,42.8
2020-06-22,35.9,31.8,40.7
2020-06-23,34.6,30.0,41.4
2020-06-24,33.7,28.6,37.9
2020-06-25,35.7,29.8,41.4
2020-06-26,36.2,33.0,42.0
2020-06-27,34.9,29.5,42.6
2020-06-28,36.0,31.0,43.3
2020-06-29,36.2,30.1,45.0
2020-06-30,35.9,31.0,42.1
2020-07-01,34.7,31.0,39.5
2020-07-02,34.1,30.8,36.7
2020-07-03,37.3,32.0,42.3
2020-07-04,40.3,35.8,46.0
2020-07-05,40.3,35.0,48.2
2020-07-06,39.1,33.0,48.5
2020-07-07,36.7,32.0,46.2
2020-07-08,35.2,31.5,40.1
2020-07-09,36.2,31.9,41.8
2020-07-10,37.7,32.0,47.8
2020-07-11,36.8,32.9,43.4
2020-07-12,37.0,31.9,42.9
2020-07-13,36.4,33.0,42.4
2020-07-14,37.4,32.6,44.0
2020-07-15,38.0,33.0,43.6
2020-07-16,36.1,32.5,40.6
2020-07-17,37.2,34.0,43.4
2020-07-18,36.2,31.7,41.6
2020-07-19,36.9,34.5,41.0
2020-07-20,37.2,33.7,42.8
2020-07-21,36.8,33.5,40.7
2020-07-22,37.0,33.9,40.7
2020-07-23,35.8,34.0,38.6
2020-07-24,35.5,32.6,39.0
2020-07-25,36.2,33.5,39.0
2020-07-26,36.6,34.0,40.3
2020-07-27,36.8,33.5,44.3
2020-07-28,36.3,33.9,40.0
2020-07-29,37.7,33.6,43.9
2020-07-30,37.9,34.2,46.3
2020-07-31,36.4,33.8,41.3
2020-08-01,37.0,33.4,43.0
2020-08-02,37.4,33.0,44.4
2020-08-03,38.9,33.4,45.6
2020-08-04,40.4,35.5,47.3
2020-08-05,39.8,35.0,46.3
2020-08-06,39.8,35.6,44.2
2020-08-07,40.1,35.0,45.1
2020-08-08,39.8,35.5,47.0
2020-08-09,39.8,36.0,47.8
2020-08-10,39.4,37.0,44.1
2020-08-11,37.6,35.0,42.4
2020-08-12,37.2,33.9,40.4
2020-08-13,39.2,34.0,45.0
2020-08-14,39.3,35.7,44.5
2020-08-15,38.0,35.0,43.4
2020-08-16,37.7,33.5,44.1
2020-08-17,38.7,33.0,44.5
2020-08-18,35.9,33.0,41.1
2020-08-19,34.3,31.4,38.3
2020-08-20,36.9,31.3,43.6
2020-08-21,38.2,33.8,44.0
2020-08-22,35.7,32.0,41.5
2020-08-23,34.1,31.7,37.6
2020-08-24,34.7,32.0,37.5
2020-08-25,37.6,33.4,43.3
2020-08-26,35.2,31.7,39.3
2020-08-27,34.4,30.4,40.8
2020-08-28,34.6,31.0,38.5
2020-08-29,36.2,33.6,41.0
2020-08-30,36.6,32.0,41.7
2020-08-31,35.3,33.0,39.0
2020-09-01,35.7,31.7,39.5
2020-09-02,35.4,32.0,41.1
2020-09-03,35.3,31.0,42.5
2020-09-04,35.2,31.8,40.4
2020-09-05,34.9,31.9,39.6
2020-09-06,34.4,30.9,38.2
2020-09-07,34.6,29.6,39.8
2020-09-08,36.2,29.7,43.0
2020-09-09,36.8,32.3,44.9
2020-09-10,35.0,31.8,42.2
2020-09-11,34.8,29.8,42.8
2020-09-12,34.4,29.9,38.7
2020-09-13,35.7,30.8,41.8
2020-09-14,34.6,30.9,38.0
2020-09-15,34.5,30.6,39.4
2020-09-16,34.6,29.7,40.0
2020-09-17,34.3,29.3,40.1
2020-09-18,34.4,30.6,40.2
2020-09-19,34.7,29.0,41.2
2020-09-20,34.6,30.9,41.0
2020-09-21,33.8,30.9,38.3
2020-09-22,34.5,30.0,40.0
2020-09-23,34.7,29.3,40.0
2020-09-24,33.8,29.8,39.7
2020-09-25,34.2,30.6,40.1
2020-09-26,33.7,27.0,41.4
2020-09-27,34.3,28.8,42.0
2020-09-28,34.8,30.4,43.0
2020-09-29,33.9,30.9,37.8
2020-09-30,34.6,31.1,38.0
2020-10-01,35.9,31.9,42.0
2020-10-02,34.4,30.6,41.1
2020-10-03,33.4,29.5,38.0
2020-10-04,33.2,30.0,39.8
2020-10-05,33.7,30.6,38.9
2020-10-06,32.7,29.2,36.0
2020-10-07,33.8,29.9,38.2
2020-10-08,33.0,30.0,36.7
2020-10-09,33.3,30.8,38.0
2020-10-10,32.1,28.0,37.3
2020-10-11,31.6,27.0,36.3
2020-10-12,30.1,26.0,34.4
2020-10-13,29.7,27.0,33.0
2020-10-14,31.0,26.4,34.3
2020-10-15,29.7,27.0,33.4
2020-10-16,30.6,26.5,34.7
2020-10-17,30.6,26.4,34.3
2020-10-18,30.6,27.0,34.1
2020-10-19,30.7,27.0,34.4
2020-10-20,30.2,27.0,35.9
2020-10-21,29.3,25.0,34.0
2020-10-22,28.8,25.0,34.4
2020-10-23,28.7,22.6,34.0
2020-10-24,28.4,24.5,32.2
2020-10-25,28.7,24.0,32.4
2020-10-26,28.6,25.9,31.1
2020-10-27,28.6,25.5,31.1
2020-10-28,29.1,26.0,32.6
2020-10-29,28.3,25.0,32.4
2020-10-30,29.1,24.1,34.3
2020-10-31,28.5,24.7,33.0
2020-11-01,28.5,24.5,32.2
2020-11-02,28.3,23.2,33.2
2020-11-03,28.4,23.5,34.2
2020-11-04,27.8,24.0,32.0
2020-11-05,27.3,24.0,31.0
2020-11-06,28.2,24.3,31.1
2020-11-07,28.9,27.0,32.6
2020-11-08,28.9,27.0,31.1
2020-11-09,28.2,25.6,31.2
2020-11-10,28.0,24.5,31.6
2020-11-11,27.6,23.0,31.7
2020-11-12,28.1,23.8,31.0
2020-11-13,29.7,26.0,36.5
2020-11-14,26.4,24.0,30.0
2020-11-15,24.8,21.5,28.2
2020-11-16,25.7,21.7,28.3
2020-11-17,27.3,24.7,32.0
2020-11-18,26.2,24.0,29.5
2020-11-19,25.3,22.6,29.3
2020-11-20,25.7,22.0,28.9
2020-11-21,26.6,24.4,30.1
2020-11-22,26.7,22.1,32.1
2020-11-23,24.3,22.0,28.1
2020-11-24,22.8,20.9,26.3
2020-11-25,23.2,19.2,28.3
2020-11-26,24.8,20.7,28.2
2020-11-27,26.3,22.9,28.1
2020-11-28,25.8,24.0,28.1
2020-11-29,25.1,23.0,27.6
2020-11-30,25.3,20.9,29.0
2020-12-01,25.4,23.0,28.3
2020-12-02,24.9,22.6,28.1
2020-12-03,25.2,21.4,28.2
2020-12-04,25.4,21.9,30.0
2020-12-05,25.0,22.9,30.0
2020-12-06,25.2,21.0,31.8
2020-12-07,21.4,18.5,25.4
2020-12-08,21.1,18.4,25.3
2020-12-09,21.2,18.0,25.0
2020-12-10,22.2,18.0,27.0
2020-12-11,22.1,18.4,27.0
2020-12-12,21.1,18.6,25.0
2020-12-13,20.3,17.4,23.3
2020-12-14,20.4,17.4,24.0
2020-12-15,20.8,16.0,25.0
2020-12-16,21.9,17.6,25.4
2020-12-17,22.3,19.0,26.3
2020-12-18,22.2,19.4,26.2
2020-12-19,21.5,18.0,24.6
2020-12-20,21.4,20.0,24.0
2020-12-21,20.7,18.2,25.0
2020-12-22,20.4,17.0,25.0
2020-12-23,19.8,16.7,24.5
2020-12-24,20.6,15.8,27.1
2020-12-25,20.5,19.0,24.0
2020-12-26,18.3,16.0,21.1
2020-12-27,20.4,16.6,24.5
2020-12-28,20.8,17.6,24.4
2020-12-29,20.3,18.5,24.7
2020-12-30,20.3,16.9,24.0
2020-12-31,20.6,17.8,24.5
2021-01-01,21.0,17.9,25.0
2021-01-02,19.7,14.5,25.0
2021-01-03,19.4,15.7,24.0
2021-01-04,18.6,13.6,23.3
2021-01-05,18.9,13.8,23.4
2021-01-06,18.9,14.1,24.0
2021-01-07,18.8,14.4,22.8
2021-01-08,19.2,15.7,22.9
2021-01-09,17.7,12.2,22.3
2021-01-10,17.5,12.6,22.7
2021-01-11,17.6,13.4,23.1
2021-01-12,17.1,12.8,22.2
2021-01-13,16.7,12.1,22.3
2021-01-14,15.9,9.3,22.7
2021-01-15,17.4,8.9,24.7
2021-01-16,18.5,11.2,25.6
2021-01-17,18.8,13.0,25.3
2021-01-18,20.2,16.0,25.8
2021-01-19,19.3,15.3,24.4
2021-01-20,18.6,13.0,24.9
2021-01-21,17.9,14.7,22.1
2021-01-22,14.9,12.1,18.4
2021-01-23,15.9,10.5,21.3
2021-01-24,17.0,12.8,22.4
2021-01-25,17.4,12.2,23.6
2021-01-26,18.3,12.9,25.2
2021-01-27,18.7,13.5,26.0
2021-01-28,17.6,11.0,23.8
2021-01-29,19.4,14.1,24.8
2021-01-30,20.8,16.9,27.3
2021-01-31,18.3,14.7,22.8
2021-02-01,17.3,12.1,23.3
2021-02-02,18.3,13.4,24.7
2021-02-03,18.5,13.3,24.9
2021-02-04,17.6,12.0,23.3
2021-02-05,19.5,14.4,24.4
2021-02-06,21.6,18.2,25.4
2021-02-07,21.7,18.1,26.4
2021-02-08,19.1,15.0,23.7
2021-02-09,19.4,15.3,25.0
2021-02-10,19.8,15.0,26.4
2021-02-11,19.4,14.4,26.2
2021-02-12,20.2,14.9,27.2
2021-02-13,19.9,13.5,26.3
2021-02-14,21.2,14.5,28.7
2021-02-15,20.9,15.0,28.3
2021-02-16,18.8,11.8,25.6
2021-02-17,20.5,15.1,25.9
2021-02-18,23.9,19.2,30.6
2021-02-19,19.7,17.5,22.3
2021-02-20,18.6,15.5,22.9
2021-02-21,19.4,16.4,23.1
2021-02-22,20.5,16.4,25.2
2021-02-23,20.6,16.9,25.3
2021-02-24,20.5,16.0,25.2
2021-02-25,19.7,16.5,23.7
2021-02-26,17.8,14.2,22.7
2021-02-27,18.3,13.2,23.9
2021-02-28,18.4,12.0,24.7
2021-03-01,19.9,15.3,24.0
2021-03-02,21.6,17.7,25.8
2021-03-03,21.7,17.4,27.9
2021-03-04,22.2,15.2,29.2
2021-03-05,23.4,18.7,32.6
2021-03-06,20.3,17.4,24.9
2021-03-07,20.1,16.3,25.1
2021-03-08,20.2,13.5,26.7
2021-03-09,23.2,15.1,31.3
2021-03-10,23.4,17.1,30.7
2021-03-11,24.2,17.4,31.1
2021-03-12,29.4,20.4,37.7
2021-03-13,23.4,17.9,31.2
2021-03-14,20.1,14.3,26.7
2021-03-15,19.1,11.1,26.6
2021-03-16,21.9,16.7,27.9
2021-03-17,23.7,17.6,29.2
2021-03-18,30.2,21.8,39.2
2021-03-19,27.9,22.2,34.3
2021-03-20,24.3,19.9,30.2
2021-03-21,23.7,18.0,30.3
2021-03-22,24.9,17.6,33.2
2021-03-23,26.5,18.4,34.4
2021-03-24,25.8,19.9,31.5
2021-03-25,26.9,22.0,33.1
2021-03-26,29.6,24.7,37.6
2021-03-27,29.0,21.4,37.6
2021-03-28,23.4,19.3,27.6
2021-03-29,22.2,19.0,27.6
2021-03-30,24.1,19.3,30.4
2021-03-31,25.0,17.4,34.5
2021-04-01,26.9,19.0,34.8
2021-04-02,29.3,20.7,37.9
2021-04-03,27.3,22.7,34.6
2021-04-04,23.3,20.4,28.1
2021-04-05,23.5,20.3,28.5
2021-04-06,24.6,19.5,31.3
2021-04-07,25.4,16.9,33.9
2021-04-08,25.3,17.4,34.8
2021-04-09,24.8,17.5,32.7
2021-04-10,25.8,20.1,32.7
2021-04-11,27.5,22.2,34.1
2021-04-12,29.0,23.1,37.8
2021-04-13,29.4,25.2,36.4
2021-04-14,28.0,24.6,32.3
2021-04-15,27.9,23.9,33.8
2021-04-16,25.9,21.1,30.7
2021-04-17,26.7,18.8,34.1
2021-04-18,27.9,22.0,34.9
2021-04-19,28.4,20.7,35.6
2021-04-20,28.3,19.6,35.8
2021-04-21,29.9,20.9,37.2
2021-04-22,29.9,22.5,36.8
2021-04-23,30.4,23.4,38.6
2021-04-24,30.3,23.8,38.7
2021-04-25,30.0,22.5,38.4
2021-04-26,31.2,23.7,39.7
2021-04-27,31.2,25.3,37.9
2021-04-28,31.2,25.2,37.3
2021-04-29,30.6,25.4,36.1
2021-04-30,29.5,22.5,37.3
2021-05-01,29.3,21.2,37.5
2021-05-02,28.2,21.8,34.1
2021-05-03,28.5,23.8,33.1
2021-05-04,29.2,25.8,33.4
2021-05-05,29.2,22.2,36.6
2021-05-06,29.2,21.2,36.3
2021-05-07,30.0,22.0,36.4
2021-05-08,30.7,24.2,36.7
2021-05-09,31.5,24.8,37.9
2021-05-10,32.4,25.3,39.8
2021-05-11,31.7,24.1,38.7
2021-05-12,32.0,24.2,40.3
2021-05-13,33.8,24.3,41.6
2021-05-14,35.4,27.2,43.2
2021-05-15,33.7,27.1,42.4
2021-05-16,34.7,24.8,42.0
2021-05-17,33.2,27.2,41.0
2021-05-18,33.3,24.8,41.3
2021-05-19,34.3,25.3,42.9
2021-05-20,35.8,27.9,44.1
2021-05-21,35.2,28.2,43.8
2021-05-22,32.8,24.2,40.3
2021-05-23,34.8,25.6,45.2
2021-05-24,36.4,29.4,44.0
2021-05-25,34.9,27.9,41.3
2021-05-26,34.7,28.9,41.3
2021-05-27,35.2,29.0,41.2
2021-05-28,35.6,28.5,42.7
2021-05-29,36.2,26.6,44.1
2021-05-30,35.5,27.7,44.3
2021-05-31,36.3,26.9,45.3
2021-06-01,37.0,31.7,43.3
2021-06-02,36.6,30.3,44.6
2021-06-03,36.4,29.2,43.7
2021-06-04,36.9,30.3,45.6
2021-06-05,37.8,30.1,46.1
2021-06-06,36.1,30.5,44.3
2021-06-07,35.6,29.7,41.0
2021-06-08,36.8,30.9,42.7
2021-06-09,35.8,29.8,42.7
2021-06-10,36.0,29.5,42.2
2021-06-11,35.2,31.1,40.0
2021-06-12,33.9,29.4,38.6
2021-06-13,33.6,28.8,38.7
2021-06-14,34.3,26.5,41.8
2021-06-15,35.0,28.0,42.9
2021-06-16,35.4,28.7,41.8
2021-06-17,35.3,31.2,39.6
2021-06-18,34.2,30.9,38.1
2021-06-19,33.9,27.5,40.2
2021-06-20,33.1,27.8,39.8
2021-06-21,33.6,25.6,41.0
2021-06-22,33.8,26.5,42.0
2021-06-23,33.2,27.0,40.9
2021-06-24,34.3,26.5,40.1
2021-06-25,33.8,24.6,42.7
2021-06-26,35.8,26.5,45.0
2021-06-27,34.4,27.1,43.1
2021-06-28,35.2,28.2,44.4
2021-06-29,36.1,29.2,44.4
2021-06-30,35.8,29.4,43.4
2021-07-01,35.9,29.0,43.8
2021-07-02,37.1,30.1,46.0
2021-07-03,38.8,30.9,46.2
2021-07-04,36.6,31.4,43.1
2021-07-05,32.4,26.8,36.5
2021-07-06,33.7,29.7,37.6
2021-07-07,34.1,29.3,39.6
2021-07-08,35.0,29.0,40.5
2021-07-09,38.0,29.6,45.8
2021-07-10,35.8,30.1,42.0
2021-07-11,35.0,29.8,40.5
2021-07-12,38.1,31.2,47.1
2021-07-13,35.9,32.4,39.4
2021-07-14,34.1,29.6,38.4
2021-07-15,34.2,28.7,38.5
2021-07-16,35.0,32.5,37.8
2021-07-17,33.6,31.7,35.2
2021-07-18,34.4,32.6,37.3
2021-07-19,35.1,31.6,38.6
2021-07-20,36.3,31.8,40.3
2021-07-21,38.5,33.2,43.9
2021-07-22,39.8,35.9,44.6
2021-07-23,37.3,33.5,41.1
2021-07-24,36.0,30.4,44.0
2021-07-25,36.0,30.8,41.2
2021-07-26,37.7,32.1,44.6
2021-07-27,37.8,32.6,44.5
2021-07-28,38.6,30.9,47.0
2021-07-29,38.6,32.1,45.3
2021-07-30,38.4,30.9,45.5
2021-07-31,36.7,28.9,44.3
2021-08-01,37.8,30.7,44.9
2021-08-02,38.6,32.6,46.7
2021-08-03,37.1,30.3,45.0
2021-08-04,37.6,30.3,46.0
2021-08-05,38.1,31.1,46.9
2021-08-06,36.9,31.1,43.5
2021-08-07,36.4,30.5,42.9
2021-08-08,36.1,30.1,43.3
2021-08-09,36.4,30.8,42.0
2021-08-10,36.5,29.7,42.7
2021-08-11,36.4,29.3,43.4
2021-08-12,35.7,28.3,42.2
2021-08-13,36.3,29.2,44.5
2021-08-14,38.0,30.4,45.6
2021-08-15,37.8,32.0,44.9
2021-08-16,36.2,30.3,42.6
2021-08-17,34.1,27.7,39.2
2021-08-18,33.3,28.4,38.5
2021-08-19,33.7,30.1,38.4
2021-08-20,34.2,29.0,38.5
2021-08-21,35.3,29.3,41.8
2021-08-22,36.0,29.4,42.3
2021-08-23,35.4,28.7,40.9
2021-08-24,35.0,29.8,39.4
2021-08-25,37.3,29.8,44.8
2021-08-26,38.0,30.9,45.6
2021-08-27,35.0,28.8,40.9
2021-08-28,35.3,29.9,40.8
2021-08-29,35.6,29.6,41.8
2021-08-30,35.6,30.7,40.9
2021-08-31,35.2,29.9,40.4
2021-09-01,34.8,29.4,39.6
2021-09-02,34.9,29.4,39.5
2021-09-03,35.3,28.2,42.1
2021-09-04,36.6,29.6,44.7
2021-09-05,35.5,30.3,41.3
2021-09-06,36.3,29.0,43.5
2021-09-07,33.9,26.8,40.7
2021-09-08,34.0,27.5,39.4
2021-09-09,35.2,27.8,42.3
2021-09-10,35.7,30.7,41.6
2021-09-11,33.7,27.3,39.9
2021-09-12,33.5,28.0,39.2
2021-09-13,34.5,28.0,41.6
2021-09-14,34.0,28.0,40.4
2021-09-15,33.7,27.6,40.7
2021-09-16,34.3,27.8,41.8
2021-09-17,34.4,27.6,41.6
2021-09-18,33.0,26.4,38.6
2021-09-19,34.1,28.5,39.7
2021-09-20,33.4,27.3,40.1
2021-09-21,33.4,27.7,40.0
2021-09-22,32.4,25.3,39.7
2021-09-23,32.5,24.7,39.9
2021-09-24,29.9,22.6,35.3
2021-09-25,31.1,24.2,38.4
2021-09-26,32.4,26.9,38.9
2021-09-27,31.4,27.8,35.8
2021-09-28,30.0,23.8,34.8
2021-09-29,31.1,24.8,37.6
2021-09-30,32.8,25.3,40.6
2021-10-01,33.0,24.3,41.3
2021-10-02,33.0,25.6,40.9
2021-10-03,30.5,26.0,34.9
2021-10-04,32.5,28.8,36.7
2021-10-05,32.0,26.3,37.2
2021-10-06,31.2,26.2,35.0
2021-10-07,31.5,27.9,35.7
2021-10-08,32.1,25.4,38.6
2021-10-09,33.1,27.8,40.2
2021-10-10,32.7,28.1,39.2
2021-10-11,30.4,25.4,35.6
2021-10-12,31.0,26.9,34.9
2021-10-13,30.4,25.3,34.8
2021-10-14,30.2,23.5,37.0
2021-10-15,30.4,23.6,38.6
2021-10-16,30.3,24.3,37.5
2021-10-17,29.0,23.2,35.6
2021-10-18,30.7,24.2,38.7
2021-10-19,30.9,27.1,36.4
2021-10-20,30.7,25.3,37.6
2021-10-21,29.9,25.3,35.8
2021-10-22,29.1,25.5,34.1
2021-10-23,28.4,22.9,35.0
2021-10-24,27.6,20.6,35.1
2021-10-25,28.3,21.8,32.6
2021-10-26,28.4,23.1,33.8
2021-10-27,27.8,22.5,33.3
2021-10-28,27.7,23.1,32.6
2021-10-29,28.3,24.6,31.9
2021-10-30,29.0,25.4,33.0
2021-10-31,28.3,22.5,34.5
2021-11-01,27.9,21.9,35.4
2021-11-02,28.3,22.5,35.7
2021-11-03,27.2,19.1,34.4
2021-11-04,26.9,19.1,34.1
2021-11-05,26.8,19.4,33.1
2021-11-06,26.9,20.3,32.5
2021-11-07,27.4,21.7,33.1
2021-11-08,26.7,21.7,31.4
2021-11-09,25.8,20.6,31.0
2021-11-10,25.0,19.5,30.2
2021-11-11,24.4,18.9,28.7
2021-11-12,26.2,22.8,30.3
2021-11-13,24.7,19.1,30.3
2021-11-14,24.0,20.2,29.3
2021-11-15,23.6,17.8,28.8
2021-11-16,24.1,19.0,28.8
2021-11-17,24.9,19.5,31.4
2021-11-18,24.3,19.9,29.5
2021-11-19,23.6,18.0,28.6
2021-11-20,24.0,18.7,28.0
2021-11-21,25.9,23.2,29.3
2021-11-22,26.0,21.9,30.8
2021-11-23,25.5,20.3,32.4
2021-11-24,24.3,21.4,28.5
2021-11-25,23.7,19.0,29.3
2021-11-26,24.1,18.9,31.0
2021-11-27,23.6,16.8,31.4
2021-11-28,23.3,19.8,28.5
2021-11-29,21.9,18.2,26.3
2021-11-30,23.0,18.8,28.5
2021-12-01,22.5,17.5,26.7
2021-12-02,23.9,18.6,28.6
2021-12-03,21.8,17.8,27.1
2021-12-04,19.4,16.1,23.6
2021-12-05,19.4,14.5,24.7
2021-12-06,18.6,11.8,24.6
2021-12-07,19.3,12.7,26.1
2021-12-08,20.2,14.7,25.4
2021-12-09,21.9,17.3,26.3
2021-12-10,20.9,16.0,26.2
2021-12-11,20.2,16.8,25.2
2021-12-12,19.1,15.0,23.8
2021-12-13,19.9,15.1,25.1
2021-12-14,20.6,16.5,25.6
2021-12-15,20.8,15.7,25.7
2021-12-16,22.5,18.7,26.3
2021-12-17,22.4,18.4,26.5
2021-12-18,22.5,19.7,26.4
2021-12-19,22.6,19.3,26.3
2021-12-20,22.8,19.6,27.0
2021-12-21,23.2,17.8,28.8
2021-12-22,20.7,17.8,23.8
2021-12-23,19.9,16.2,24.8
2021-12-24,20.0,15.2,26.0
2021-12-25,20.0,15.6,25.1
2021-12-26,19.0,16.1,21.7
2021-12-27,17.3,14.1,21.3
2021-12-28,18.2,14.5,23.1
2021-12-29,18.3,14.3,22.1
2021-12-30,20.4,17.2,23.6
2021-12-31,20.3,16.5,23.8
